{
  "testId" : "1-mobileunos.gspec",
  "name" : "mobileUnos.gspec",
  "report" : {
    "nodes" : [ {
      "name" : "Simple check",
      "status" : "info",
      "nodes" : [ {
        "name" : "check  mobileUnos.gspec --url http://localhost/unos5.html --size 600x768 --htmlreport izvjestaji",
        "status" : "info",
        "nodes" : [ {
          "name" : "Check layout: mobileUnos.gspec included tags: ",
          "status" : "info",
          "time" : 1573653411022,
          "sections" : [ {
            "name" : "Header section",
            "place" : {
              "filePath" : "mobileUnos.gspec",
              "lineNumber" : 13
            },
            "objects" : [ {
              "name" : "meni",
              "specs" : [ {
                "status" : "info",
                "place" : {
                  "filePath" : "mobileUnos.gspec",
                  "lineNumber" : 16
                },
                "name" : "width > 80 % of screen/width",
                "meta" : [ {
                  "from" : {
                    "object" : "meni",
                    "edge" : "left"
                  },
                  "to" : {
                    "object" : "meni",
                    "edge" : "right"
                  },
                  "expectedDistance" : "> 80% [456px]",
                  "realDistance" : "85% [491px]"
                } ],
                "highlight" : [ "meni" ]
              } ]
            }, {
              "name" : "pozadinaLoga",
              "specs" : [ {
                "status" : "info",
                "place" : {
                  "filePath" : "mobileUnos.gspec",
                  "lineNumber" : 20
                },
                "name" : "inside partly meni",
                "meta" : [ ],
                "highlight" : [ "pozadinaLoga", "meni" ]
              }, {
                "status" : "info",
                "place" : {
                  "filePath" : "mobileUnos.gspec",
                  "lineNumber" : 25
                },
                "name" : "on top left edge meni 40 to 50 % of meni/width right, ~ 25px top",
                "highlight" : [ "pozadinaLoga", "meni" ]
              }, {
                "status" : "info",
                "place" : {
                  "filePath" : "mobileUnos.gspec",
                  "lineNumber" : 29
                },
                "name" : "inside viewport",
                "meta" : [ ],
                "highlight" : [ "pozadinaLoga", "viewport" ]
              }, {
                "status" : "info",
                "place" : {
                  "filePath" : "mobileUnos.gspec",
                  "lineNumber" : 33
                },
                "name" : "css background-color is \"rgb(255, 165, 0)\"",
                "highlight" : [ "pozadinaLoga" ]
              }, {
                "status" : "info",
                "place" : {
                  "filePath" : "mobileUnos.gspec",
                  "lineNumber" : 38
                },
                "name" : "centered horizontally inside meni",
                "highlight" : [ "pozadinaLoga", "meni" ]
              } ]
            }, {
              "name" : "global",
              "specs" : [ {
                "status" : "info",
                "place" : {
                  "filePath" : "mobileUnos.gspec",
                  "lineNumber" : 43
                },
                "name" : "count any meniLink* is 5",
                "highlight" : [ "meniLink1", "meniLink2", "meniLink3", "meniLink4", "meniLink5" ]
              }, {
                "status" : "info",
                "place" : {
                  "filePath" : "mobileUnos.gspec",
                  "lineNumber" : 44
                },
                "name" : "count any meniLink* is 4 to 5",
                "highlight" : [ "meniLink1", "meniLink2", "meniLink3", "meniLink4", "meniLink5" ]
              }, {
                "status" : "info",
                "place" : {
                  "filePath" : "mobileUnos.gspec",
                  "lineNumber" : 45
                },
                "name" : "count any meniLink* is < 6",
                "highlight" : [ "meniLink1", "meniLink2", "meniLink3", "meniLink4", "meniLink5" ]
              }, {
                "status" : "info",
                "place" : {
                  "filePath" : "mobileUnos.gspec",
                  "lineNumber" : 46
                },
                "name" : "count absent meniLink* is 0",
                "highlight" : [ ]
              }, {
                "status" : "info",
                "place" : {
                  "filePath" : "mobileUnos.gspec",
                  "lineNumber" : 49
                },
                "name" : "count visible meniLink* is 5",
                "highlight" : [ "meniLink1", "meniLink2", "meniLink3", "meniLink4", "meniLink5" ]
              } ]
            }, {
              "name" : "meniLink1",
              "specs" : [ {
                "status" : "info",
                "place" : {
                  "filePath" : "mobileUnos.gspec",
                  "lineNumber" : 54
                },
                "name" : "text contains \"Po�?etna\"",
                "highlight" : [ "meniLink1" ]
              }, {
                "status" : "info",
                "place" : {
                  "filePath" : "mobileUnos.gspec",
                  "lineNumber" : 66
                },
                "name" : "css color is \"rgb(0, 0, 0)\"",
                "highlight" : [ "meniLink1" ]
              } ]
            }, {
              "name" : "meniLink2",
              "specs" : [ {
                "status" : "info",
                "place" : {
                  "filePath" : "mobileUnos.gspec",
                  "lineNumber" : 56
                },
                "name" : "text contains \"Sale\"",
                "highlight" : [ "meniLink2" ]
              }, {
                "status" : "info",
                "place" : {
                  "filePath" : "mobileUnos.gspec",
                  "lineNumber" : 66
                },
                "name" : "css color is \"rgb(0, 0, 0)\"",
                "highlight" : [ "meniLink2" ]
              } ]
            }, {
              "name" : "meniLink3",
              "specs" : [ {
                "status" : "info",
                "place" : {
                  "filePath" : "mobileUnos.gspec",
                  "lineNumber" : 58
                },
                "name" : "text contains \"Unos\"",
                "highlight" : [ "meniLink3" ]
              }, {
                "status" : "info",
                "place" : {
                  "filePath" : "mobileUnos.gspec",
                  "lineNumber" : 66
                },
                "name" : "css color is \"rgb(0, 0, 0)\"",
                "highlight" : [ "meniLink3" ]
              } ]
            }, {
              "name" : "meniLink4",
              "specs" : [ {
                "status" : "info",
                "place" : {
                  "filePath" : "mobileUnos.gspec",
                  "lineNumber" : 60
                },
                "name" : "text contains \"Rezervacija\"",
                "highlight" : [ "meniLink4" ]
              }, {
                "status" : "info",
                "place" : {
                  "filePath" : "mobileUnos.gspec",
                  "lineNumber" : 66
                },
                "name" : "css color is \"rgb(0, 0, 0)\"",
                "highlight" : [ "meniLink4" ]
              } ]
            }, {
              "name" : "meniLink5",
              "specs" : [ {
                "status" : "info",
                "place" : {
                  "filePath" : "mobileUnos.gspec",
                  "lineNumber" : 62
                },
                "name" : "text contains \"Osobe\"",
                "highlight" : [ "meniLink5" ]
              }, {
                "status" : "info",
                "place" : {
                  "filePath" : "mobileUnos.gspec",
                  "lineNumber" : 66
                },
                "name" : "css color is \"rgb(0, 0, 0)\"",
                "highlight" : [ "meniLink5" ]
              } ]
            }, {
              "name" : "sadrzaj",
              "specs" : [ {
                "status" : "info",
                "place" : {
                  "filePath" : "mobileUnos.gspec",
                  "lineNumber" : 76
                },
                "name" : "width > 80 % of screen/width",
                "meta" : [ {
                  "from" : {
                    "object" : "sadrzaj",
                    "edge" : "left"
                  },
                  "to" : {
                    "object" : "sadrzaj",
                    "edge" : "right"
                  },
                  "expectedDistance" : "> 80% [456px]",
                  "realDistance" : "85% [491px]"
                } ],
                "highlight" : [ "sadrzaj" ]
              }, {
                "status" : "info",
                "place" : {
                  "filePath" : "mobileUnos.gspec",
                  "lineNumber" : 77
                },
                "name" : "contains labelaForme*",
                "highlight" : [ "sadrzaj", "labelaForme1", "labelaForme2", "labelaForme3", "labelaForme4", "labelaForme5" ]
              }, {
                "status" : "info",
                "place" : {
                  "filePath" : "mobileUnos.gspec",
                  "lineNumber" : 78
                },
                "name" : "contains inputForme*",
                "highlight" : [ "sadrzaj", "inputForme1", "inputForme2", "inputForme3", "inputForme4", "inputForme5" ]
              }, {
                "status" : "info",
                "place" : {
                  "filePath" : "mobileUnos.gspec",
                  "lineNumber" : 79
                },
                "name" : "aligned vertically left meni",
                "highlight" : [ "sadrzaj", "meni" ]
              }, {
                "status" : "info",
                "place" : {
                  "filePath" : "mobileUnos.gspec",
                  "lineNumber" : 80
                },
                "name" : "aligned vertically right meni",
                "highlight" : [ "sadrzaj", "meni" ]
              } ]
            }, {
              "name" : "labelaForme1",
              "specs" : [ {
                "status" : "info",
                "place" : {
                  "filePath" : "mobileUnos.gspec",
                  "lineNumber" : 84
                },
                "name" : "aligned vertically left inputForme1 5px",
                "highlight" : [ "labelaForme1", "inputForme1" ]
              }, {
                "status" : "info",
                "place" : {
                  "filePath" : "mobileUnos.gspec",
                  "lineNumber" : 85
                },
                "name" : "inside forma",
                "meta" : [ ],
                "highlight" : [ "labelaForme1", "forma" ]
              }, {
                "status" : "info",
                "place" : {
                  "filePath" : "mobileUnos.gspec",
                  "lineNumber" : 90
                },
                "name" : "aligned vertically left labelaForme2 2px",
                "highlight" : [ "labelaForme1", "labelaForme2" ]
              }, {
                "status" : "info",
                "place" : {
                  "filePath" : "mobileUnos.gspec",
                  "lineNumber" : 91
                },
                "name" : "aligned vertically right labelaForme2 2px",
                "highlight" : [ "labelaForme1", "labelaForme2" ]
              }, {
                "status" : "info",
                "place" : {
                  "filePath" : "mobileUnos.gspec",
                  "lineNumber" : 100
                },
                "name" : "text contains \"Naziv:\"",
                "highlight" : [ "labelaForme1" ]
              } ]
            }, {
              "name" : "labelaForme2",
              "specs" : [ {
                "status" : "info",
                "place" : {
                  "filePath" : "mobileUnos.gspec",
                  "lineNumber" : 84
                },
                "name" : "aligned vertically left inputForme2 5px",
                "highlight" : [ "labelaForme2", "inputForme2" ]
              }, {
                "status" : "info",
                "place" : {
                  "filePath" : "mobileUnos.gspec",
                  "lineNumber" : 85
                },
                "name" : "inside forma",
                "meta" : [ ],
                "highlight" : [ "labelaForme2", "forma" ]
              }, {
                "status" : "info",
                "place" : {
                  "filePath" : "mobileUnos.gspec",
                  "lineNumber" : 90
                },
                "name" : "aligned vertically left labelaForme3 2px",
                "highlight" : [ "labelaForme2", "labelaForme3" ]
              }, {
                "status" : "info",
                "place" : {
                  "filePath" : "mobileUnos.gspec",
                  "lineNumber" : 91
                },
                "name" : "aligned vertically right labelaForme3 2px",
                "highlight" : [ "labelaForme2", "labelaForme3" ]
              }, {
                "status" : "info",
                "place" : {
                  "filePath" : "mobileUnos.gspec",
                  "lineNumber" : 102
                },
                "name" : "text contains \"Broj mjesta:\"",
                "highlight" : [ "labelaForme2" ]
              } ]
            }, {
              "name" : "labelaForme3",
              "specs" : [ {
                "status" : "info",
                "place" : {
                  "filePath" : "mobileUnos.gspec",
                  "lineNumber" : 84
                },
                "name" : "aligned vertically left inputForme3 5px",
                "highlight" : [ "labelaForme3", "inputForme3" ]
              }, {
                "status" : "info",
                "place" : {
                  "filePath" : "mobileUnos.gspec",
                  "lineNumber" : 85
                },
                "name" : "inside forma",
                "meta" : [ ],
                "highlight" : [ "labelaForme3", "forma" ]
              }, {
                "status" : "info",
                "place" : {
                  "filePath" : "mobileUnos.gspec",
                  "lineNumber" : 90
                },
                "name" : "aligned vertically left labelaForme4 2px",
                "highlight" : [ "labelaForme3", "labelaForme4" ]
              }, {
                "status" : "info",
                "place" : {
                  "filePath" : "mobileUnos.gspec",
                  "lineNumber" : 91
                },
                "name" : "aligned vertically right labelaForme4 2px",
                "highlight" : [ "labelaForme3", "labelaForme4" ]
              }, {
                "status" : "info",
                "place" : {
                  "filePath" : "mobileUnos.gspec",
                  "lineNumber" : 104
                },
                "name" : "text contains \"Odgovorna osoba:\"",
                "highlight" : [ "labelaForme3" ]
              } ]
            }, {
              "name" : "labelaForme4",
              "specs" : [ {
                "status" : "info",
                "place" : {
                  "filePath" : "mobileUnos.gspec",
                  "lineNumber" : 84
                },
                "name" : "aligned vertically left inputForme4 5px",
                "highlight" : [ "labelaForme4", "inputForme4" ]
              }, {
                "status" : "info",
                "place" : {
                  "filePath" : "mobileUnos.gspec",
                  "lineNumber" : 85
                },
                "name" : "inside forma",
                "meta" : [ ],
                "highlight" : [ "labelaForme4", "forma" ]
              }, {
                "status" : "info",
                "place" : {
                  "filePath" : "mobileUnos.gspec",
                  "lineNumber" : 90
                },
                "name" : "aligned vertically left labelaForme5 2px",
                "highlight" : [ "labelaForme4", "labelaForme5" ]
              }, {
                "status" : "info",
                "place" : {
                  "filePath" : "mobileUnos.gspec",
                  "lineNumber" : 91
                },
                "name" : "aligned vertically right labelaForme5 2px",
                "highlight" : [ "labelaForme4", "labelaForme5" ]
              }, {
                "status" : "info",
                "place" : {
                  "filePath" : "mobileUnos.gspec",
                  "lineNumber" : 106
                },
                "name" : "text contains \"Sprat:\"",
                "highlight" : [ "labelaForme4" ]
              } ]
            }, {
              "name" : "labelaForme5",
              "specs" : [ {
                "status" : "info",
                "place" : {
                  "filePath" : "mobileUnos.gspec",
                  "lineNumber" : 84
                },
                "name" : "aligned vertically left inputForme5 5px",
                "highlight" : [ "labelaForme5", "inputForme5" ]
              }, {
                "status" : "info",
                "place" : {
                  "filePath" : "mobileUnos.gspec",
                  "lineNumber" : 85
                },
                "name" : "inside forma",
                "meta" : [ ],
                "highlight" : [ "labelaForme5", "forma" ]
              }, {
                "status" : "info",
                "place" : {
                  "filePath" : "mobileUnos.gspec",
                  "lineNumber" : 108
                },
                "name" : "text contains \"Unos:\"",
                "highlight" : [ "labelaForme5" ]
              } ]
            }, {
              "name" : "inputForme1",
              "specs" : [ {
                "status" : "info",
                "place" : {
                  "filePath" : "mobileUnos.gspec",
                  "lineNumber" : 95
                },
                "name" : "aligned vertically left inputForme2 2px",
                "highlight" : [ "inputForme1", "inputForme2" ]
              }, {
                "status" : "info",
                "place" : {
                  "filePath" : "mobileUnos.gspec",
                  "lineNumber" : 96
                },
                "name" : "aligned vertically right inputForme2 2px",
                "highlight" : [ "inputForme1", "inputForme2" ]
              }, {
                "status" : "info",
                "place" : {
                  "filePath" : "mobileUnos.gspec",
                  "lineNumber" : 97
                },
                "name" : "inside forma",
                "meta" : [ ],
                "highlight" : [ "inputForme1", "forma" ]
              } ]
            }, {
              "name" : "inputForme2",
              "specs" : [ {
                "status" : "info",
                "place" : {
                  "filePath" : "mobileUnos.gspec",
                  "lineNumber" : 95
                },
                "name" : "aligned vertically left inputForme3 2px",
                "highlight" : [ "inputForme2", "inputForme3" ]
              }, {
                "status" : "info",
                "place" : {
                  "filePath" : "mobileUnos.gspec",
                  "lineNumber" : 96
                },
                "name" : "aligned vertically right inputForme3 2px",
                "highlight" : [ "inputForme2", "inputForme3" ]
              }, {
                "status" : "info",
                "place" : {
                  "filePath" : "mobileUnos.gspec",
                  "lineNumber" : 97
                },
                "name" : "inside forma",
                "meta" : [ ],
                "highlight" : [ "inputForme2", "forma" ]
              } ]
            }, {
              "name" : "inputForme3",
              "specs" : [ {
                "status" : "info",
                "place" : {
                  "filePath" : "mobileUnos.gspec",
                  "lineNumber" : 95
                },
                "name" : "aligned vertically left inputForme4 2px",
                "highlight" : [ "inputForme3", "inputForme4" ]
              }, {
                "status" : "info",
                "place" : {
                  "filePath" : "mobileUnos.gspec",
                  "lineNumber" : 96
                },
                "name" : "aligned vertically right inputForme4 2px",
                "highlight" : [ "inputForme3", "inputForme4" ]
              }, {
                "status" : "info",
                "place" : {
                  "filePath" : "mobileUnos.gspec",
                  "lineNumber" : 97
                },
                "name" : "inside forma",
                "meta" : [ ],
                "highlight" : [ "inputForme3", "forma" ]
              } ]
            } ]
          } ],
          "objects" : {
            "meni" : {
              "area" : [ 40, 30, 491, 148 ]
            },
            "labelaForme2" : {
              "area" : [ 214, 335, 120, 18 ]
            },
            "labelaForme3" : {
              "area" : [ 214, 452, 120, 18 ]
            },
            "labelaForme1" : {
              "area" : [ 214, 219, 120, 18 ]
            },
            "forma" : {
              "area" : [ 198, 203, 173, 583 ]
            },
            "sadrzaj" : {
              "area" : [ 40, 186, 491, 609 ]
            },
            "meniLink1" : {
              "area" : [ 57, 79, 66, 17 ]
            },
            "inputForme4" : {
              "area" : [ 212, 616, 147, 22 ]
            },
            "meniLink2" : {
              "area" : [ 57, 97, 43, 17 ]
            },
            "inputForme3" : {
              "area" : [ 212, 499, 147, 22 ]
            },
            "meniLink3" : {
              "area" : [ 57, 115, 49, 17 ]
            },
            "meniLink4" : {
              "area" : [ 57, 133, 91, 17 ]
            },
            "inputForme5" : {
              "area" : [ 212, 733, 100, 22 ]
            },
            "viewport" : {
              "area" : [ 0, 0, 571, 687 ]
            },
            "labelaForme4" : {
              "area" : [ 214, 569, 120, 18 ]
            },
            "inputForme2" : {
              "area" : [ 212, 383, 146, 22 ]
            },
            "labelaForme5" : {
              "area" : [ 214, 685, 120, 18 ]
            },
            "inputForme1" : {
              "area" : [ 212, 266, 147, 22 ]
            },
            "pozadinaLoga" : {
              "area" : [ 259, 6, 52, 52 ]
            },
            "meniLink5" : {
              "area" : [ 57, 151, 56, 17 ]
            }
          },
          "screenshot" : "layout-1-screenshot.png",
          "type" : "layout"
        } ],
        "time" : 1573653407078,
        "type" : "node"
      } ],
      "time" : 1573653400536,
      "type" : "node"
    } ]
  }
}