{
  "testId" : "1-rezervacija.gspec",
  "name" : "rezervacija.gspec",
  "report" : {
    "nodes" : [ {
      "name" : "Simple check",
      "status" : "info",
      "nodes" : [ {
        "name" : "check  rezervacija.gspec --url http://localhost/rezervacija.html --size 1024x768 --htmlreport izvjestaji",
        "status" : "info",
        "nodes" : [ {
          "name" : "Check layout: rezervacija.gspec included tags: ",
          "status" : "info",
          "time" : 1573653314071,
          "sections" : [ {
            "name" : "Header section",
            "place" : {
              "filePath" : "rezervacija.gspec",
              "lineNumber" : 26
            },
            "objects" : [ {
              "name" : "meni",
              "specs" : [ {
                "status" : "info",
                "place" : {
                  "filePath" : "rezervacija.gspec",
                  "lineNumber" : 29
                },
                "name" : "width > 90 % of screen/width",
                "meta" : [ {
                  "from" : {
                    "object" : "meni",
                    "edge" : "left"
                  },
                  "to" : {
                    "object" : "meni",
                    "edge" : "right"
                  },
                  "expectedDistance" : "> 90% [910px]",
                  "realDistance" : "92% [932px]"
                } ],
                "highlight" : [ "meni" ]
              } ]
            }, {
              "name" : "pozadinaLoga",
              "specs" : [ {
                "status" : "info",
                "place" : {
                  "filePath" : "rezervacija.gspec",
                  "lineNumber" : 34
                },
                "name" : "inside partly meni",
                "meta" : [ ],
                "highlight" : [ "pozadinaLoga", "meni" ]
              }, {
                "status" : "info",
                "place" : {
                  "filePath" : "rezervacija.gspec",
                  "lineNumber" : 39
                },
                "name" : "on top left edge meni 40 to 50 % of meni/width right, ~ 25px top",
                "highlight" : [ "pozadinaLoga", "meni" ]
              }, {
                "status" : "info",
                "place" : {
                  "filePath" : "rezervacija.gspec",
                  "lineNumber" : 43
                },
                "name" : "inside viewport",
                "meta" : [ ],
                "highlight" : [ "pozadinaLoga", "viewport" ]
              }, {
                "status" : "info",
                "place" : {
                  "filePath" : "rezervacija.gspec",
                  "lineNumber" : 47
                },
                "name" : "css background-color is \"rgb(255, 165, 0)\"",
                "highlight" : [ "pozadinaLoga" ]
              }, {
                "status" : "info",
                "place" : {
                  "filePath" : "rezervacija.gspec",
                  "lineNumber" : 52
                },
                "name" : "centered horizontally inside meni",
                "highlight" : [ "pozadinaLoga", "meni" ]
              } ]
            }, {
              "name" : "global",
              "specs" : [ {
                "status" : "info",
                "place" : {
                  "filePath" : "rezervacija.gspec",
                  "lineNumber" : 57
                },
                "name" : "count any meniLink* is 5",
                "highlight" : [ "meniLink1", "meniLink2", "meniLink3", "meniLink4", "meniLink5" ]
              }, {
                "status" : "info",
                "place" : {
                  "filePath" : "rezervacija.gspec",
                  "lineNumber" : 58
                },
                "name" : "count any meniLink* is 4 to 5",
                "highlight" : [ "meniLink1", "meniLink2", "meniLink3", "meniLink4", "meniLink5" ]
              }, {
                "status" : "info",
                "place" : {
                  "filePath" : "rezervacija.gspec",
                  "lineNumber" : 59
                },
                "name" : "count any meniLink* is < 6",
                "highlight" : [ "meniLink1", "meniLink2", "meniLink3", "meniLink4", "meniLink5" ]
              }, {
                "status" : "info",
                "place" : {
                  "filePath" : "rezervacija.gspec",
                  "lineNumber" : 60
                },
                "name" : "count absent meniLink* is 0",
                "highlight" : [ ]
              }, {
                "status" : "info",
                "place" : {
                  "filePath" : "rezervacija.gspec",
                  "lineNumber" : 63
                },
                "name" : "count visible meniLink* is 5",
                "highlight" : [ "meniLink1", "meniLink2", "meniLink3", "meniLink4", "meniLink5" ]
              } ]
            }, {
              "name" : "meniLink1",
              "specs" : [ {
                "status" : "info",
                "place" : {
                  "filePath" : "rezervacija.gspec",
                  "lineNumber" : 68
                },
                "name" : "text contains \"Po�?etna\"",
                "highlight" : [ "meniLink1" ]
              }, {
                "status" : "info",
                "place" : {
                  "filePath" : "rezervacija.gspec",
                  "lineNumber" : 80
                },
                "name" : "css color is \"rgb(0, 0, 0)\"",
                "highlight" : [ "meniLink1" ]
              }, {
                "status" : "info",
                "place" : {
                  "filePath" : "rezervacija.gspec",
                  "lineNumber" : 85
                },
                "name" : "left-of meniLink2 < 10px",
                "meta" : [ {
                  "from" : {
                    "object" : "meniLink1",
                    "edge" : "right"
                  },
                  "to" : {
                    "object" : "meniLink2",
                    "edge" : "left"
                  },
                  "expectedDistance" : "< 10px",
                  "realDistance" : "4px"
                } ],
                "highlight" : [ "meniLink1", "meniLink2" ]
              }, {
                "status" : "info",
                "place" : {
                  "filePath" : "rezervacija.gspec",
                  "lineNumber" : 86
                },
                "name" : "aligned horizontally all meniLink2",
                "highlight" : [ "meniLink1", "meniLink2" ]
              }, {
                "status" : "info",
                "place" : {
                  "filePath" : "rezervacija.gspec",
                  "lineNumber" : 87
                },
                "name" : "aligned horizontally top meniLink2",
                "highlight" : [ "meniLink1", "meniLink2" ]
              } ]
            }, {
              "name" : "meniLink2",
              "specs" : [ {
                "status" : "info",
                "place" : {
                  "filePath" : "rezervacija.gspec",
                  "lineNumber" : 70
                },
                "name" : "text contains \"Sale\"",
                "highlight" : [ "meniLink2" ]
              }, {
                "status" : "info",
                "place" : {
                  "filePath" : "rezervacija.gspec",
                  "lineNumber" : 80
                },
                "name" : "css color is \"rgb(0, 0, 0)\"",
                "highlight" : [ "meniLink2" ]
              }, {
                "status" : "info",
                "place" : {
                  "filePath" : "rezervacija.gspec",
                  "lineNumber" : 85
                },
                "name" : "left-of meniLink3 < 10px",
                "meta" : [ {
                  "from" : {
                    "object" : "meniLink2",
                    "edge" : "right"
                  },
                  "to" : {
                    "object" : "meniLink3",
                    "edge" : "left"
                  },
                  "expectedDistance" : "< 10px",
                  "realDistance" : "5px"
                } ],
                "highlight" : [ "meniLink2", "meniLink3" ]
              }, {
                "status" : "info",
                "place" : {
                  "filePath" : "rezervacija.gspec",
                  "lineNumber" : 86
                },
                "name" : "aligned horizontally all meniLink3",
                "highlight" : [ "meniLink2", "meniLink3" ]
              }, {
                "status" : "info",
                "place" : {
                  "filePath" : "rezervacija.gspec",
                  "lineNumber" : 87
                },
                "name" : "aligned horizontally top meniLink3",
                "highlight" : [ "meniLink2", "meniLink3" ]
              }, {
                "status" : "info",
                "place" : {
                  "filePath" : "rezervacija.gspec",
                  "lineNumber" : 92
                },
                "name" : "right-of meniLink1 < 10px",
                "meta" : [ {
                  "from" : {
                    "object" : "meniLink2",
                    "edge" : "left"
                  },
                  "to" : {
                    "object" : "meniLink1",
                    "edge" : "right"
                  },
                  "expectedDistance" : "< 10px",
                  "realDistance" : "4px"
                } ],
                "highlight" : [ "meniLink2", "meniLink1" ]
              } ]
            }, {
              "name" : "meniLink3",
              "specs" : [ {
                "status" : "info",
                "place" : {
                  "filePath" : "rezervacija.gspec",
                  "lineNumber" : 72
                },
                "name" : "text contains \"Unos\"",
                "highlight" : [ "meniLink3" ]
              }, {
                "status" : "info",
                "place" : {
                  "filePath" : "rezervacija.gspec",
                  "lineNumber" : 80
                },
                "name" : "css color is \"rgb(0, 0, 0)\"",
                "highlight" : [ "meniLink3" ]
              }, {
                "status" : "info",
                "place" : {
                  "filePath" : "rezervacija.gspec",
                  "lineNumber" : 85
                },
                "name" : "left-of meniLink4 < 10px",
                "meta" : [ {
                  "from" : {
                    "object" : "meniLink3",
                    "edge" : "right"
                  },
                  "to" : {
                    "object" : "meniLink4",
                    "edge" : "left"
                  },
                  "expectedDistance" : "< 10px",
                  "realDistance" : "4px"
                } ],
                "highlight" : [ "meniLink3", "meniLink4" ]
              }, {
                "status" : "info",
                "place" : {
                  "filePath" : "rezervacija.gspec",
                  "lineNumber" : 86
                },
                "name" : "aligned horizontally all meniLink4",
                "highlight" : [ "meniLink3", "meniLink4" ]
              }, {
                "status" : "info",
                "place" : {
                  "filePath" : "rezervacija.gspec",
                  "lineNumber" : 87
                },
                "name" : "aligned horizontally top meniLink4",
                "highlight" : [ "meniLink3", "meniLink4" ]
              }, {
                "status" : "info",
                "place" : {
                  "filePath" : "rezervacija.gspec",
                  "lineNumber" : 92
                },
                "name" : "right-of meniLink2 < 10px",
                "meta" : [ {
                  "from" : {
                    "object" : "meniLink3",
                    "edge" : "left"
                  },
                  "to" : {
                    "object" : "meniLink2",
                    "edge" : "right"
                  },
                  "expectedDistance" : "< 10px",
                  "realDistance" : "5px"
                } ],
                "highlight" : [ "meniLink3", "meniLink2" ]
              } ]
            }, {
              "name" : "meniLink4",
              "specs" : [ {
                "status" : "info",
                "place" : {
                  "filePath" : "rezervacija.gspec",
                  "lineNumber" : 74
                },
                "name" : "text contains \"Rezervacija\"",
                "highlight" : [ "meniLink4" ]
              }, {
                "status" : "info",
                "place" : {
                  "filePath" : "rezervacija.gspec",
                  "lineNumber" : 80
                },
                "name" : "css color is \"rgb(0, 0, 0)\"",
                "highlight" : [ "meniLink4" ]
              }, {
                "status" : "info",
                "place" : {
                  "filePath" : "rezervacija.gspec",
                  "lineNumber" : 85
                },
                "name" : "left-of meniLink5 < 10px",
                "meta" : [ {
                  "from" : {
                    "object" : "meniLink4",
                    "edge" : "right"
                  },
                  "to" : {
                    "object" : "meniLink5",
                    "edge" : "left"
                  },
                  "expectedDistance" : "< 10px",
                  "realDistance" : "5px"
                } ],
                "highlight" : [ "meniLink4", "meniLink5" ]
              }, {
                "status" : "info",
                "place" : {
                  "filePath" : "rezervacija.gspec",
                  "lineNumber" : 86
                },
                "name" : "aligned horizontally all meniLink5",
                "highlight" : [ "meniLink4", "meniLink5" ]
              }, {
                "status" : "info",
                "place" : {
                  "filePath" : "rezervacija.gspec",
                  "lineNumber" : 87
                },
                "name" : "aligned horizontally top meniLink5",
                "highlight" : [ "meniLink4", "meniLink5" ]
              }, {
                "status" : "info",
                "place" : {
                  "filePath" : "rezervacija.gspec",
                  "lineNumber" : 92
                },
                "name" : "right-of meniLink3 < 10px",
                "meta" : [ {
                  "from" : {
                    "object" : "meniLink4",
                    "edge" : "left"
                  },
                  "to" : {
                    "object" : "meniLink3",
                    "edge" : "right"
                  },
                  "expectedDistance" : "< 10px",
                  "realDistance" : "4px"
                } ],
                "highlight" : [ "meniLink4", "meniLink3" ]
              } ]
            }, {
              "name" : "meniLink5",
              "specs" : [ {
                "status" : "info",
                "place" : {
                  "filePath" : "rezervacija.gspec",
                  "lineNumber" : 76
                },
                "name" : "text contains \"Osobe\"",
                "highlight" : [ "meniLink5" ]
              }, {
                "status" : "info",
                "place" : {
                  "filePath" : "rezervacija.gspec",
                  "lineNumber" : 80
                },
                "name" : "css color is \"rgb(0, 0, 0)\"",
                "highlight" : [ "meniLink5" ]
              }, {
                "status" : "info",
                "place" : {
                  "filePath" : "rezervacija.gspec",
                  "lineNumber" : 92
                },
                "name" : "right-of meniLink4 < 10px",
                "meta" : [ {
                  "from" : {
                    "object" : "meniLink5",
                    "edge" : "left"
                  },
                  "to" : {
                    "object" : "meniLink4",
                    "edge" : "right"
                  },
                  "expectedDistance" : "< 10px",
                  "realDistance" : "5px"
                } ],
                "highlight" : [ "meniLink5", "meniLink4" ]
              } ]
            } ]
          }, {
            "name" : "Sadraj section",
            "place" : {
              "filePath" : "rezervacija.gspec",
              "lineNumber" : 95
            },
            "objects" : [ {
              "name" : "sadrzaj",
              "specs" : [ {
                "status" : "info",
                "place" : {
                  "filePath" : "rezervacija.gspec",
                  "lineNumber" : 97
                },
                "name" : "width > 90 % of screen/width",
                "meta" : [ {
                  "from" : {
                    "object" : "sadrzaj",
                    "edge" : "left"
                  },
                  "to" : {
                    "object" : "sadrzaj",
                    "edge" : "right"
                  },
                  "expectedDistance" : "> 90% [910px]",
                  "realDistance" : "92% [932px]"
                } ],
                "highlight" : [ "sadrzaj" ]
              }, {
                "status" : "info",
                "place" : {
                  "filePath" : "rezervacija.gspec",
                  "lineNumber" : 98
                },
                "name" : "aligned vertically left meni",
                "highlight" : [ "sadrzaj", "meni" ]
              }, {
                "status" : "info",
                "place" : {
                  "filePath" : "rezervacija.gspec",
                  "lineNumber" : 99
                },
                "name" : "aligned vertically right meni",
                "highlight" : [ "sadrzaj", "meni" ]
              }, {
                "status" : "info",
                "place" : {
                  "filePath" : "rezervacija.gspec",
                  "lineNumber" : 100
                },
                "name" : "contains forma",
                "highlight" : [ "sadrzaj", "forma" ]
              }, {
                "status" : "info",
                "place" : {
                  "filePath" : "rezervacija.gspec",
                  "lineNumber" : 101
                },
                "name" : "contains clanForme*",
                "highlight" : [ "sadrzaj", "clanForme1", "clanForme2", "clanForme3", "clanForme4" ]
              }, {
                "status" : "info",
                "place" : {
                  "filePath" : "rezervacija.gspec",
                  "lineNumber" : 102
                },
                "name" : "contains redTabele*",
                "highlight" : [ "sadrzaj", "redTabele1", "redTabele2", "redTabele3", "redTabele4", "redTabele5", "redTabele6" ]
              }, {
                "status" : "info",
                "place" : {
                  "filePath" : "rezervacija.gspec",
                  "lineNumber" : 103
                },
                "name" : "contains prvaSedmica",
                "highlight" : [ "sadrzaj", "prvaSedmica" ]
              }, {
                "status" : "info",
                "place" : {
                  "filePath" : "rezervacija.gspec",
                  "lineNumber" : 104
                },
                "name" : "contains drugaSedmica",
                "highlight" : [ "sadrzaj", "drugaSedmica" ]
              }, {
                "status" : "info",
                "place" : {
                  "filePath" : "rezervacija.gspec",
                  "lineNumber" : 105
                },
                "name" : "contains trecaSedmica",
                "highlight" : [ "sadrzaj", "trecaSedmica" ]
              }, {
                "status" : "info",
                "place" : {
                  "filePath" : "rezervacija.gspec",
                  "lineNumber" : 106
                },
                "name" : "contains cetvrtaSedmica",
                "highlight" : [ "sadrzaj", "cetvrtaSedmica" ]
              }, {
                "status" : "info",
                "place" : {
                  "filePath" : "rezervacija.gspec",
                  "lineNumber" : 107
                },
                "name" : "contains dugmePrethodni",
                "highlight" : [ "sadrzaj", "dugmePrethodni" ]
              }, {
                "status" : "info",
                "place" : {
                  "filePath" : "rezervacija.gspec",
                  "lineNumber" : 108
                },
                "name" : "contains dugmeSljedeci",
                "highlight" : [ "sadrzaj", "dugmeSljedeci" ]
              } ]
            }, {
              "name" : "forma",
              "specs" : [ {
                "status" : "info",
                "place" : {
                  "filePath" : "rezervacija.gspec",
                  "lineNumber" : 111
                },
                "name" : "width > 90 % of sadrzaj/width",
                "meta" : [ {
                  "from" : {
                    "object" : "forma",
                    "edge" : "left"
                  },
                  "to" : {
                    "object" : "forma",
                    "edge" : "right"
                  },
                  "expectedDistance" : "> 90% [838px]",
                  "realDistance" : "96% [898px]"
                } ],
                "highlight" : [ "forma" ]
              }, {
                "status" : "info",
                "place" : {
                  "filePath" : "rezervacija.gspec",
                  "lineNumber" : 112
                },
                "name" : "contains clanForme*",
                "highlight" : [ "forma", "clanForme1", "clanForme2", "clanForme3", "clanForme4" ]
              } ]
            }, {
              "name" : "kalendarTabela",
              "specs" : [ {
                "status" : "info",
                "place" : {
                  "filePath" : "rezervacija.gspec",
                  "lineNumber" : 115
                },
                "name" : "contains redTabele*",
                "highlight" : [ "kalendarTabela", "redTabele1", "redTabele2", "redTabele3", "redTabele4", "redTabele5", "redTabele6" ]
              }, {
                "status" : "info",
                "place" : {
                  "filePath" : "rezervacija.gspec",
                  "lineNumber" : 116
                },
                "name" : "centered horizontally inside sadrzaj",
                "highlight" : [ "kalendarTabela", "sadrzaj" ]
              } ]
            }, {
              "name" : "global",
              "specs" : [ {
                "status" : "info",
                "place" : {
                  "filePath" : "rezervacija.gspec",
                  "lineNumber" : 119
                },
                "name" : "count any clanForme* is 4",
                "highlight" : [ "clanForme4", "clanForme3", "clanForme2", "clanForme1" ]
              }, {
                "status" : "info",
                "place" : {
                  "filePath" : "rezervacija.gspec",
                  "lineNumber" : 120
                },
                "name" : "count absent clanForme* is 0",
                "highlight" : [ ]
              }, {
                "status" : "info",
                "place" : {
                  "filePath" : "rezervacija.gspec",
                  "lineNumber" : 121
                },
                "name" : "count visible clanForme* is 4",
                "highlight" : [ "clanForme4", "clanForme3", "clanForme2", "clanForme1" ]
              } ]
            }, {
              "name" : "clanForme2",
              "specs" : [ {
                "status" : "info",
                "place" : {
                  "filePath" : "rezervacija.gspec",
                  "lineNumber" : 124
                },
                "name" : "text contains \"Rezervacija periodi�?na\"",
                "highlight" : [ "clanForme2" ]
              } ]
            }, {
              "name" : "nazivDana1",
              "specs" : [ {
                "status" : "info",
                "place" : {
                  "filePath" : "rezervacija.gspec",
                  "lineNumber" : 128
                },
                "name" : "text contains \"PON\"",
                "highlight" : [ "nazivDana1" ]
              }, {
                "status" : "info",
                "place" : {
                  "filePath" : "rezervacija.gspec",
                  "lineNumber" : 144
                },
                "name" : "inside kalendarTabela",
                "meta" : [ ],
                "highlight" : [ "nazivDana1", "kalendarTabela" ]
              } ]
            }, {
              "name" : "nazivDana2",
              "specs" : [ {
                "status" : "info",
                "place" : {
                  "filePath" : "rezervacija.gspec",
                  "lineNumber" : 130
                },
                "name" : "text contains \"UTO\"",
                "highlight" : [ "nazivDana2" ]
              }, {
                "status" : "info",
                "place" : {
                  "filePath" : "rezervacija.gspec",
                  "lineNumber" : 144
                },
                "name" : "inside kalendarTabela",
                "meta" : [ ],
                "highlight" : [ "nazivDana2", "kalendarTabela" ]
              } ]
            }, {
              "name" : "nazivDana3",
              "specs" : [ {
                "status" : "info",
                "place" : {
                  "filePath" : "rezervacija.gspec",
                  "lineNumber" : 132
                },
                "name" : "text contains \"SRI\"",
                "highlight" : [ "nazivDana3" ]
              }, {
                "status" : "info",
                "place" : {
                  "filePath" : "rezervacija.gspec",
                  "lineNumber" : 144
                },
                "name" : "inside kalendarTabela",
                "meta" : [ ],
                "highlight" : [ "nazivDana3", "kalendarTabela" ]
              } ]
            }, {
              "name" : "nazivDana4",
              "specs" : [ {
                "status" : "info",
                "place" : {
                  "filePath" : "rezervacija.gspec",
                  "lineNumber" : 134
                },
                "name" : "text contains \"ČET\"",
                "highlight" : [ "nazivDana4" ]
              }, {
                "status" : "info",
                "place" : {
                  "filePath" : "rezervacija.gspec",
                  "lineNumber" : 144
                },
                "name" : "inside kalendarTabela",
                "meta" : [ ],
                "highlight" : [ "nazivDana4", "kalendarTabela" ]
              } ]
            }, {
              "name" : "nazivDana5",
              "specs" : [ {
                "status" : "info",
                "place" : {
                  "filePath" : "rezervacija.gspec",
                  "lineNumber" : 136
                },
                "name" : "text contains \"PET\"",
                "highlight" : [ "nazivDana5" ]
              }, {
                "status" : "info",
                "place" : {
                  "filePath" : "rezervacija.gspec",
                  "lineNumber" : 144
                },
                "name" : "inside kalendarTabela",
                "meta" : [ ],
                "highlight" : [ "nazivDana5", "kalendarTabela" ]
              } ]
            }, {
              "name" : "nazivDana6",
              "specs" : [ {
                "status" : "info",
                "place" : {
                  "filePath" : "rezervacija.gspec",
                  "lineNumber" : 138
                },
                "name" : "text contains \"SUB\"",
                "highlight" : [ "nazivDana6" ]
              }, {
                "status" : "info",
                "place" : {
                  "filePath" : "rezervacija.gspec",
                  "lineNumber" : 144
                },
                "name" : "inside kalendarTabela",
                "meta" : [ ],
                "highlight" : [ "nazivDana6", "kalendarTabela" ]
              } ]
            }, {
              "name" : "nazivDana7",
              "specs" : [ {
                "status" : "info",
                "place" : {
                  "filePath" : "rezervacija.gspec",
                  "lineNumber" : 140
                },
                "name" : "text contains \"NED\"",
                "highlight" : [ "nazivDana7" ]
              }, {
                "status" : "info",
                "place" : {
                  "filePath" : "rezervacija.gspec",
                  "lineNumber" : 144
                },
                "name" : "inside kalendarTabela",
                "meta" : [ ],
                "highlight" : [ "nazivDana7", "kalendarTabela" ]
              } ]
            }, {
              "name" : "drugiDioCelijeZauzeta",
              "specs" : [ {
                "status" : "info",
                "place" : {
                  "filePath" : "rezervacija.gspec",
                  "lineNumber" : 147
                },
                "name" : "css background-color is \"rgb(255, 0, 0)\"",
                "highlight" : [ "drugiDioCelijeZauzeta" ]
              } ]
            }, {
              "name" : "drugiDioCelijeSlobodna",
              "specs" : [ {
                "status" : "info",
                "place" : {
                  "filePath" : "rezervacija.gspec",
                  "lineNumber" : 150
                },
                "name" : "css background-color is \"rgb(49, 245, 101)\"",
                "highlight" : [ "drugiDioCelijeSlobodna" ]
              } ]
            }, {
              "name" : "dugmePrethodni",
              "specs" : [ {
                "status" : "info",
                "place" : {
                  "filePath" : "rezervacija.gspec",
                  "lineNumber" : 153
                },
                "name" : "text contains \"Prethodni\"",
                "highlight" : [ "dugmePrethodni" ]
              }, {
                "status" : "info",
                "place" : {
                  "filePath" : "rezervacija.gspec",
                  "lineNumber" : 154
                },
                "name" : "aligned horizontally all dugmeSljedeci 1px",
                "highlight" : [ "dugmePrethodni", "dugmeSljedeci" ]
              } ]
            }, {
              "name" : "dugmeSljedeci",
              "specs" : [ {
                "status" : "info",
                "place" : {
                  "filePath" : "rezervacija.gspec",
                  "lineNumber" : 157
                },
                "name" : "aligned horizontally all dugmePrethodni 1px",
                "highlight" : [ "dugmeSljedeci", "dugmePrethodni" ]
              }, {
                "status" : "info",
                "place" : {
                  "filePath" : "rezervacija.gspec",
                  "lineNumber" : 158
                },
                "name" : "text contains \"Sljedeći\"",
                "highlight" : [ "dugmeSljedeci" ]
              } ]
            }, {
              "name" : "prvaSedmica",
              "specs" : [ {
                "status" : "info",
                "place" : {
                  "filePath" : "rezervacija.gspec",
                  "lineNumber" : 161
                },
                "name" : "visible",
                "highlight" : [ "prvaSedmica" ]
              } ]
            }, {
              "name" : "drugaSedmica",
              "specs" : [ {
                "status" : "info",
                "place" : {
                  "filePath" : "rezervacija.gspec",
                  "lineNumber" : 164
                },
                "name" : "visible",
                "highlight" : [ "drugaSedmica" ]
              } ]
            }, {
              "name" : "trecaSedmica",
              "specs" : [ {
                "status" : "info",
                "place" : {
                  "filePath" : "rezervacija.gspec",
                  "lineNumber" : 167
                },
                "name" : "visible",
                "highlight" : [ "trecaSedmica" ]
              } ]
            }, {
              "name" : "cetvrtaSedmica",
              "specs" : [ {
                "status" : "info",
                "place" : {
                  "filePath" : "rezervacija.gspec",
                  "lineNumber" : 170
                },
                "name" : "visible",
                "highlight" : [ "cetvrtaSedmica" ]
              } ]
            } ]
          } ],
          "objects" : {
            "dugmeSljedeci" : {
              "area" : [ 512, 448, 62, 33 ]
            },
            "cetvrtaSedmica" : {
              "area" : [ 327, 345, 358, 36 ]
            },
            "trecaSedmica" : {
              "area" : [ 327, 307, 358, 36 ]
            },
            "forma" : {
              "area" : [ 57, 131, 898, 32 ]
            },
            "dugmePrethodni" : {
              "area" : [ 437, 448, 71, 33 ]
            },
            "nazivDana2" : {
              "area" : [ 378, 204, 49, 24 ]
            },
            "prvaSedmica" : {
              "area" : [ 327, 230, 358, 36 ]
            },
            "nazivDana3" : {
              "area" : [ 429, 204, 49, 24 ]
            },
            "nazivDana1" : {
              "area" : [ 327, 204, 49, 24 ]
            },
            "meniLink1" : {
              "area" : [ 57, 79, 66, 17 ]
            },
            "nazivDana6" : {
              "area" : [ 584, 204, 49, 24 ]
            },
            "meniLink2" : {
              "area" : [ 127, 79, 43, 17 ]
            },
            "drugaSedmica" : {
              "area" : [ 327, 268, 358, 36 ]
            },
            "nazivDana7" : {
              "area" : [ 635, 204, 49, 24 ]
            },
            "meniLink3" : {
              "area" : [ 175, 79, 49, 17 ]
            },
            "nazivDana4" : {
              "area" : [ 481, 204, 49, 24 ]
            },
            "meniLink4" : {
              "area" : [ 228, 79, 91, 17 ]
            },
            "redTabele6" : {
              "area" : [ 327, 384, 358, 36 ]
            },
            "nazivDana5" : {
              "area" : [ 532, 204, 49, 24 ]
            },
            "redTabele5" : {
              "area" : [ 327, 345, 358, 36 ]
            },
            "redTabele4" : {
              "area" : [ 327, 307, 358, 36 ]
            },
            "redTabele3" : {
              "area" : [ 327, 268, 358, 36 ]
            },
            "redTabele2" : {
              "area" : [ 327, 230, 358, 36 ]
            },
            "redTabele1" : {
              "area" : [ 327, 204, 358, 24 ]
            },
            "drugiDioCelijeSlobodna" : {
              "area" : [ 535, 251, 43, 12 ]
            },
            "meniLink5" : {
              "area" : [ 324, 79, 56, 17 ]
            },
            "meni" : {
              "area" : [ 40, 30, 932, 76 ]
            },
            "clanForme4" : {
              "area" : [ 416, 136, 104, 22 ]
            },
            "clanForme3" : {
              "area" : [ 302, 136, 104, 22 ]
            },
            "sadrzaj" : {
              "area" : [ 40, 114, 932, 377 ]
            },
            "clanForme2" : {
              "area" : [ 125, 136, 167, 22 ]
            },
            "clanForme1" : {
              "area" : [ 62, 136, 53, 22 ]
            },
            "drugiDioCelijeZauzeta" : {
              "area" : [ 381, 289, 43, 12 ]
            },
            "viewport" : {
              "area" : [ 0, 0, 1012, 687 ]
            },
            "pozadinaLoga" : {
              "area" : [ 480, 6, 52, 52 ]
            },
            "kalendarTabela" : {
              "area" : [ 306, 163, 400, 279 ]
            }
          },
          "screenshot" : "layout-1-screenshot.png",
          "type" : "layout"
        } ],
        "time" : 1573653308991,
        "type" : "node"
      } ],
      "time" : 1573653301927,
      "type" : "node"
    } ]
  }
}