{
  "testId" : "1-unos.gspec",
  "name" : "unos.gspec",
  "report" : {
    "nodes" : [ {
      "name" : "Simple check",
      "status" : "info",
      "nodes" : [ {
        "name" : "check  unos.gspec --url http://localhost/unos.html --size 1024x768 --htmlreport izvjestaji",
        "status" : "info",
        "nodes" : [ {
          "name" : "Check layout: unos.gspec included tags: ",
          "status" : "info",
          "time" : 1573653039452,
          "sections" : [ {
            "name" : "Header section",
            "place" : {
              "filePath" : "unos.gspec",
              "lineNumber" : 13
            },
            "objects" : [ {
              "name" : "meni",
              "specs" : [ {
                "status" : "info",
                "place" : {
                  "filePath" : "unos.gspec",
                  "lineNumber" : 16
                },
                "name" : "width > 90 % of screen/width",
                "meta" : [ {
                  "from" : {
                    "object" : "meni",
                    "edge" : "left"
                  },
                  "to" : {
                    "object" : "meni",
                    "edge" : "right"
                  },
                  "expectedDistance" : "> 90% [910px]",
                  "realDistance" : "92% [932px]"
                } ],
                "highlight" : [ "meni" ]
              } ]
            }, {
              "name" : "pozadinaLoga",
              "specs" : [ {
                "status" : "info",
                "place" : {
                  "filePath" : "unos.gspec",
                  "lineNumber" : 21
                },
                "name" : "inside partly meni",
                "meta" : [ ],
                "highlight" : [ "pozadinaLoga", "meni" ]
              }, {
                "status" : "info",
                "place" : {
                  "filePath" : "unos.gspec",
                  "lineNumber" : 26
                },
                "name" : "on top left edge meni 40 to 50 % of meni/width right, ~ 25px top",
                "highlight" : [ "pozadinaLoga", "meni" ]
              }, {
                "status" : "info",
                "place" : {
                  "filePath" : "unos.gspec",
                  "lineNumber" : 30
                },
                "name" : "inside viewport",
                "meta" : [ ],
                "highlight" : [ "pozadinaLoga", "viewport" ]
              }, {
                "status" : "info",
                "place" : {
                  "filePath" : "unos.gspec",
                  "lineNumber" : 34
                },
                "name" : "css background-color is \"rgb(255, 165, 0)\"",
                "highlight" : [ "pozadinaLoga" ]
              }, {
                "status" : "info",
                "place" : {
                  "filePath" : "unos.gspec",
                  "lineNumber" : 39
                },
                "name" : "centered horizontally inside meni",
                "highlight" : [ "pozadinaLoga", "meni" ]
              } ]
            }, {
              "name" : "global",
              "specs" : [ {
                "status" : "info",
                "place" : {
                  "filePath" : "unos.gspec",
                  "lineNumber" : 44
                },
                "name" : "count any meniLink* is 5",
                "highlight" : [ "meniLink1", "meniLink2", "meniLink3", "meniLink4", "meniLink5" ]
              }, {
                "status" : "info",
                "place" : {
                  "filePath" : "unos.gspec",
                  "lineNumber" : 45
                },
                "name" : "count any meniLink* is 4 to 5",
                "highlight" : [ "meniLink1", "meniLink2", "meniLink3", "meniLink4", "meniLink5" ]
              }, {
                "status" : "info",
                "place" : {
                  "filePath" : "unos.gspec",
                  "lineNumber" : 46
                },
                "name" : "count any meniLink* is < 6",
                "highlight" : [ "meniLink1", "meniLink2", "meniLink3", "meniLink4", "meniLink5" ]
              }, {
                "status" : "info",
                "place" : {
                  "filePath" : "unos.gspec",
                  "lineNumber" : 47
                },
                "name" : "count absent meniLink* is 0",
                "highlight" : [ ]
              }, {
                "status" : "info",
                "place" : {
                  "filePath" : "unos.gspec",
                  "lineNumber" : 50
                },
                "name" : "count visible meniLink* is 5",
                "highlight" : [ "meniLink1", "meniLink2", "meniLink3", "meniLink4", "meniLink5" ]
              } ]
            }, {
              "name" : "meniLink1",
              "specs" : [ {
                "status" : "info",
                "place" : {
                  "filePath" : "unos.gspec",
                  "lineNumber" : 55
                },
                "name" : "text contains \"Po�?etna\"",
                "highlight" : [ "meniLink1" ]
              }, {
                "status" : "info",
                "place" : {
                  "filePath" : "unos.gspec",
                  "lineNumber" : 67
                },
                "name" : "css color is \"rgb(0, 0, 0)\"",
                "highlight" : [ "meniLink1" ]
              }, {
                "status" : "info",
                "place" : {
                  "filePath" : "unos.gspec",
                  "lineNumber" : 72
                },
                "name" : "left-of meniLink2 < 10px",
                "meta" : [ {
                  "from" : {
                    "object" : "meniLink1",
                    "edge" : "right"
                  },
                  "to" : {
                    "object" : "meniLink2",
                    "edge" : "left"
                  },
                  "expectedDistance" : "< 10px",
                  "realDistance" : "4px"
                } ],
                "highlight" : [ "meniLink1", "meniLink2" ]
              }, {
                "status" : "info",
                "place" : {
                  "filePath" : "unos.gspec",
                  "lineNumber" : 73
                },
                "name" : "aligned horizontally all meniLink2",
                "highlight" : [ "meniLink1", "meniLink2" ]
              }, {
                "status" : "info",
                "place" : {
                  "filePath" : "unos.gspec",
                  "lineNumber" : 74
                },
                "name" : "aligned horizontally top meniLink2",
                "highlight" : [ "meniLink1", "meniLink2" ]
              } ]
            }, {
              "name" : "meniLink2",
              "specs" : [ {
                "status" : "info",
                "place" : {
                  "filePath" : "unos.gspec",
                  "lineNumber" : 57
                },
                "name" : "text contains \"Sale\"",
                "highlight" : [ "meniLink2" ]
              }, {
                "status" : "info",
                "place" : {
                  "filePath" : "unos.gspec",
                  "lineNumber" : 67
                },
                "name" : "css color is \"rgb(0, 0, 0)\"",
                "highlight" : [ "meniLink2" ]
              }, {
                "status" : "info",
                "place" : {
                  "filePath" : "unos.gspec",
                  "lineNumber" : 72
                },
                "name" : "left-of meniLink3 < 10px",
                "meta" : [ {
                  "from" : {
                    "object" : "meniLink2",
                    "edge" : "right"
                  },
                  "to" : {
                    "object" : "meniLink3",
                    "edge" : "left"
                  },
                  "expectedDistance" : "< 10px",
                  "realDistance" : "5px"
                } ],
                "highlight" : [ "meniLink2", "meniLink3" ]
              }, {
                "status" : "info",
                "place" : {
                  "filePath" : "unos.gspec",
                  "lineNumber" : 73
                },
                "name" : "aligned horizontally all meniLink3",
                "highlight" : [ "meniLink2", "meniLink3" ]
              }, {
                "status" : "info",
                "place" : {
                  "filePath" : "unos.gspec",
                  "lineNumber" : 74
                },
                "name" : "aligned horizontally top meniLink3",
                "highlight" : [ "meniLink2", "meniLink3" ]
              }, {
                "status" : "info",
                "place" : {
                  "filePath" : "unos.gspec",
                  "lineNumber" : 79
                },
                "name" : "right-of meniLink1 < 10px",
                "meta" : [ {
                  "from" : {
                    "object" : "meniLink2",
                    "edge" : "left"
                  },
                  "to" : {
                    "object" : "meniLink1",
                    "edge" : "right"
                  },
                  "expectedDistance" : "< 10px",
                  "realDistance" : "4px"
                } ],
                "highlight" : [ "meniLink2", "meniLink1" ]
              } ]
            }, {
              "name" : "meniLink3",
              "specs" : [ {
                "status" : "info",
                "place" : {
                  "filePath" : "unos.gspec",
                  "lineNumber" : 59
                },
                "name" : "text contains \"Unos\"",
                "highlight" : [ "meniLink3" ]
              }, {
                "status" : "info",
                "place" : {
                  "filePath" : "unos.gspec",
                  "lineNumber" : 67
                },
                "name" : "css color is \"rgb(0, 0, 0)\"",
                "highlight" : [ "meniLink3" ]
              }, {
                "status" : "info",
                "place" : {
                  "filePath" : "unos.gspec",
                  "lineNumber" : 72
                },
                "name" : "left-of meniLink4 < 10px",
                "meta" : [ {
                  "from" : {
                    "object" : "meniLink3",
                    "edge" : "right"
                  },
                  "to" : {
                    "object" : "meniLink4",
                    "edge" : "left"
                  },
                  "expectedDistance" : "< 10px",
                  "realDistance" : "4px"
                } ],
                "highlight" : [ "meniLink3", "meniLink4" ]
              }, {
                "status" : "info",
                "place" : {
                  "filePath" : "unos.gspec",
                  "lineNumber" : 73
                },
                "name" : "aligned horizontally all meniLink4",
                "highlight" : [ "meniLink3", "meniLink4" ]
              }, {
                "status" : "info",
                "place" : {
                  "filePath" : "unos.gspec",
                  "lineNumber" : 74
                },
                "name" : "aligned horizontally top meniLink4",
                "highlight" : [ "meniLink3", "meniLink4" ]
              }, {
                "status" : "info",
                "place" : {
                  "filePath" : "unos.gspec",
                  "lineNumber" : 79
                },
                "name" : "right-of meniLink2 < 10px",
                "meta" : [ {
                  "from" : {
                    "object" : "meniLink3",
                    "edge" : "left"
                  },
                  "to" : {
                    "object" : "meniLink2",
                    "edge" : "right"
                  },
                  "expectedDistance" : "< 10px",
                  "realDistance" : "5px"
                } ],
                "highlight" : [ "meniLink3", "meniLink2" ]
              } ]
            }, {
              "name" : "meniLink4",
              "specs" : [ {
                "status" : "info",
                "place" : {
                  "filePath" : "unos.gspec",
                  "lineNumber" : 61
                },
                "name" : "text contains \"Rezervacija\"",
                "highlight" : [ "meniLink4" ]
              }, {
                "status" : "info",
                "place" : {
                  "filePath" : "unos.gspec",
                  "lineNumber" : 67
                },
                "name" : "css color is \"rgb(0, 0, 0)\"",
                "highlight" : [ "meniLink4" ]
              }, {
                "status" : "info",
                "place" : {
                  "filePath" : "unos.gspec",
                  "lineNumber" : 72
                },
                "name" : "left-of meniLink5 < 10px",
                "meta" : [ {
                  "from" : {
                    "object" : "meniLink4",
                    "edge" : "right"
                  },
                  "to" : {
                    "object" : "meniLink5",
                    "edge" : "left"
                  },
                  "expectedDistance" : "< 10px",
                  "realDistance" : "5px"
                } ],
                "highlight" : [ "meniLink4", "meniLink5" ]
              }, {
                "status" : "info",
                "place" : {
                  "filePath" : "unos.gspec",
                  "lineNumber" : 73
                },
                "name" : "aligned horizontally all meniLink5",
                "highlight" : [ "meniLink4", "meniLink5" ]
              }, {
                "status" : "info",
                "place" : {
                  "filePath" : "unos.gspec",
                  "lineNumber" : 74
                },
                "name" : "aligned horizontally top meniLink5",
                "highlight" : [ "meniLink4", "meniLink5" ]
              }, {
                "status" : "info",
                "place" : {
                  "filePath" : "unos.gspec",
                  "lineNumber" : 79
                },
                "name" : "right-of meniLink3 < 10px",
                "meta" : [ {
                  "from" : {
                    "object" : "meniLink4",
                    "edge" : "left"
                  },
                  "to" : {
                    "object" : "meniLink3",
                    "edge" : "right"
                  },
                  "expectedDistance" : "< 10px",
                  "realDistance" : "4px"
                } ],
                "highlight" : [ "meniLink4", "meniLink3" ]
              } ]
            }, {
              "name" : "meniLink5",
              "specs" : [ {
                "status" : "info",
                "place" : {
                  "filePath" : "unos.gspec",
                  "lineNumber" : 63
                },
                "name" : "text contains \"Osobe\"",
                "highlight" : [ "meniLink5" ]
              }, {
                "status" : "info",
                "place" : {
                  "filePath" : "unos.gspec",
                  "lineNumber" : 67
                },
                "name" : "css color is \"rgb(0, 0, 0)\"",
                "highlight" : [ "meniLink5" ]
              }, {
                "status" : "info",
                "place" : {
                  "filePath" : "unos.gspec",
                  "lineNumber" : 79
                },
                "name" : "right-of meniLink4 < 10px",
                "meta" : [ {
                  "from" : {
                    "object" : "meniLink5",
                    "edge" : "left"
                  },
                  "to" : {
                    "object" : "meniLink4",
                    "edge" : "right"
                  },
                  "expectedDistance" : "< 10px",
                  "realDistance" : "5px"
                } ],
                "highlight" : [ "meniLink5", "meniLink4" ]
              } ]
            } ]
          }, {
            "name" : "Sadraj section",
            "place" : {
              "filePath" : "unos.gspec",
              "lineNumber" : 82
            },
            "objects" : [ {
              "name" : "sadrzaj",
              "specs" : [ {
                "status" : "info",
                "place" : {
                  "filePath" : "unos.gspec",
                  "lineNumber" : 84
                },
                "name" : "width > 90 % of screen/width",
                "meta" : [ {
                  "from" : {
                    "object" : "sadrzaj",
                    "edge" : "left"
                  },
                  "to" : {
                    "object" : "sadrzaj",
                    "edge" : "right"
                  },
                  "expectedDistance" : "> 90% [910px]",
                  "realDistance" : "92% [932px]"
                } ],
                "highlight" : [ "sadrzaj" ]
              }, {
                "status" : "info",
                "place" : {
                  "filePath" : "unos.gspec",
                  "lineNumber" : 85
                },
                "name" : "contains labelaForme*",
                "highlight" : [ "sadrzaj", "labelaForme1", "labelaForme2", "labelaForme3", "labelaForme4", "labelaForme5" ]
              }, {
                "status" : "info",
                "place" : {
                  "filePath" : "unos.gspec",
                  "lineNumber" : 86
                },
                "name" : "contains inputForme*",
                "highlight" : [ "sadrzaj", "inputForme1", "inputForme2", "inputForme3", "inputForme4", "inputForme5" ]
              }, {
                "status" : "info",
                "place" : {
                  "filePath" : "unos.gspec",
                  "lineNumber" : 87
                },
                "name" : "aligned vertically left meni",
                "highlight" : [ "sadrzaj", "meni" ]
              }, {
                "status" : "info",
                "place" : {
                  "filePath" : "unos.gspec",
                  "lineNumber" : 88
                },
                "name" : "aligned vertically right meni",
                "highlight" : [ "sadrzaj", "meni" ]
              } ]
            }, {
              "name" : "labelaForme1",
              "specs" : [ {
                "status" : "info",
                "place" : {
                  "filePath" : "unos.gspec",
                  "lineNumber" : 92
                },
                "name" : "aligned horizontally centered inputForme1",
                "highlight" : [ "labelaForme1", "inputForme1" ]
              }, {
                "status" : "info",
                "place" : {
                  "filePath" : "unos.gspec",
                  "lineNumber" : 93
                },
                "name" : "inside forma",
                "meta" : [ ],
                "highlight" : [ "labelaForme1", "forma" ]
              }, {
                "status" : "info",
                "place" : {
                  "filePath" : "unos.gspec",
                  "lineNumber" : 98
                },
                "name" : "aligned vertically left labelaForme2 2px",
                "highlight" : [ "labelaForme1", "labelaForme2" ]
              }, {
                "status" : "info",
                "place" : {
                  "filePath" : "unos.gspec",
                  "lineNumber" : 99
                },
                "name" : "aligned vertically right labelaForme2 2px",
                "highlight" : [ "labelaForme1", "labelaForme2" ]
              }, {
                "status" : "info",
                "place" : {
                  "filePath" : "unos.gspec",
                  "lineNumber" : 108
                },
                "name" : "text contains \"Naziv:\"",
                "highlight" : [ "labelaForme1" ]
              } ]
            }, {
              "name" : "labelaForme2",
              "specs" : [ {
                "status" : "info",
                "place" : {
                  "filePath" : "unos.gspec",
                  "lineNumber" : 92
                },
                "name" : "aligned horizontally centered inputForme2",
                "highlight" : [ "labelaForme2", "inputForme2" ]
              }, {
                "status" : "info",
                "place" : {
                  "filePath" : "unos.gspec",
                  "lineNumber" : 93
                },
                "name" : "inside forma",
                "meta" : [ ],
                "highlight" : [ "labelaForme2", "forma" ]
              }, {
                "status" : "info",
                "place" : {
                  "filePath" : "unos.gspec",
                  "lineNumber" : 98
                },
                "name" : "aligned vertically left labelaForme3 2px",
                "highlight" : [ "labelaForme2", "labelaForme3" ]
              }, {
                "status" : "info",
                "place" : {
                  "filePath" : "unos.gspec",
                  "lineNumber" : 99
                },
                "name" : "aligned vertically right labelaForme3 2px",
                "highlight" : [ "labelaForme2", "labelaForme3" ]
              }, {
                "status" : "info",
                "place" : {
                  "filePath" : "unos.gspec",
                  "lineNumber" : 110
                },
                "name" : "text contains \"Broj mjesta:\"",
                "highlight" : [ "labelaForme2" ]
              } ]
            }, {
              "name" : "labelaForme3",
              "specs" : [ {
                "status" : "info",
                "place" : {
                  "filePath" : "unos.gspec",
                  "lineNumber" : 92
                },
                "name" : "aligned horizontally centered inputForme3",
                "highlight" : [ "labelaForme3", "inputForme3" ]
              }, {
                "status" : "info",
                "place" : {
                  "filePath" : "unos.gspec",
                  "lineNumber" : 93
                },
                "name" : "inside forma",
                "meta" : [ ],
                "highlight" : [ "labelaForme3", "forma" ]
              }, {
                "status" : "info",
                "place" : {
                  "filePath" : "unos.gspec",
                  "lineNumber" : 98
                },
                "name" : "aligned vertically left labelaForme4 2px",
                "highlight" : [ "labelaForme3", "labelaForme4" ]
              }, {
                "status" : "info",
                "place" : {
                  "filePath" : "unos.gspec",
                  "lineNumber" : 99
                },
                "name" : "aligned vertically right labelaForme4 2px",
                "highlight" : [ "labelaForme3", "labelaForme4" ]
              }, {
                "status" : "info",
                "place" : {
                  "filePath" : "unos.gspec",
                  "lineNumber" : 112
                },
                "name" : "text contains \"Odgovorna osoba:\"",
                "highlight" : [ "labelaForme3" ]
              } ]
            }, {
              "name" : "labelaForme4",
              "specs" : [ {
                "status" : "info",
                "place" : {
                  "filePath" : "unos.gspec",
                  "lineNumber" : 92
                },
                "name" : "aligned horizontally centered inputForme4",
                "highlight" : [ "labelaForme4", "inputForme4" ]
              }, {
                "status" : "info",
                "place" : {
                  "filePath" : "unos.gspec",
                  "lineNumber" : 93
                },
                "name" : "inside forma",
                "meta" : [ ],
                "highlight" : [ "labelaForme4", "forma" ]
              }, {
                "status" : "info",
                "place" : {
                  "filePath" : "unos.gspec",
                  "lineNumber" : 98
                },
                "name" : "aligned vertically left labelaForme5 2px",
                "highlight" : [ "labelaForme4", "labelaForme5" ]
              }, {
                "status" : "info",
                "place" : {
                  "filePath" : "unos.gspec",
                  "lineNumber" : 99
                },
                "name" : "aligned vertically right labelaForme5 2px",
                "highlight" : [ "labelaForme4", "labelaForme5" ]
              }, {
                "status" : "info",
                "place" : {
                  "filePath" : "unos.gspec",
                  "lineNumber" : 114
                },
                "name" : "text contains \"Sprat:\"",
                "highlight" : [ "labelaForme4" ]
              } ]
            }, {
              "name" : "labelaForme5",
              "specs" : [ {
                "status" : "info",
                "place" : {
                  "filePath" : "unos.gspec",
                  "lineNumber" : 92
                },
                "name" : "aligned horizontally centered inputForme5",
                "highlight" : [ "labelaForme5", "inputForme5" ]
              }, {
                "status" : "info",
                "place" : {
                  "filePath" : "unos.gspec",
                  "lineNumber" : 93
                },
                "name" : "inside forma",
                "meta" : [ ],
                "highlight" : [ "labelaForme5", "forma" ]
              }, {
                "status" : "info",
                "place" : {
                  "filePath" : "unos.gspec",
                  "lineNumber" : 116
                },
                "name" : "text contains \"Unos:\"",
                "highlight" : [ "labelaForme5" ]
              } ]
            }, {
              "name" : "inputForme1",
              "specs" : [ {
                "status" : "info",
                "place" : {
                  "filePath" : "unos.gspec",
                  "lineNumber" : 103
                },
                "name" : "aligned vertically left inputForme2 2px",
                "highlight" : [ "inputForme1", "inputForme2" ]
              }, {
                "status" : "info",
                "place" : {
                  "filePath" : "unos.gspec",
                  "lineNumber" : 104
                },
                "name" : "aligned vertically right inputForme2 2px",
                "highlight" : [ "inputForme1", "inputForme2" ]
              }, {
                "status" : "info",
                "place" : {
                  "filePath" : "unos.gspec",
                  "lineNumber" : 105
                },
                "name" : "inside forma",
                "meta" : [ ],
                "highlight" : [ "inputForme1", "forma" ]
              } ]
            }, {
              "name" : "inputForme2",
              "specs" : [ {
                "status" : "info",
                "place" : {
                  "filePath" : "unos.gspec",
                  "lineNumber" : 103
                },
                "name" : "aligned vertically left inputForme3 2px",
                "highlight" : [ "inputForme2", "inputForme3" ]
              }, {
                "status" : "info",
                "place" : {
                  "filePath" : "unos.gspec",
                  "lineNumber" : 104
                },
                "name" : "aligned vertically right inputForme3 2px",
                "highlight" : [ "inputForme2", "inputForme3" ]
              }, {
                "status" : "info",
                "place" : {
                  "filePath" : "unos.gspec",
                  "lineNumber" : 105
                },
                "name" : "inside forma",
                "meta" : [ ],
                "highlight" : [ "inputForme2", "forma" ]
              } ]
            }, {
              "name" : "inputForme3",
              "specs" : [ {
                "status" : "info",
                "place" : {
                  "filePath" : "unos.gspec",
                  "lineNumber" : 103
                },
                "name" : "aligned vertically left inputForme4 2px",
                "highlight" : [ "inputForme3", "inputForme4" ]
              }, {
                "status" : "info",
                "place" : {
                  "filePath" : "unos.gspec",
                  "lineNumber" : 104
                },
                "name" : "aligned vertically right inputForme4 2px",
                "highlight" : [ "inputForme3", "inputForme4" ]
              }, {
                "status" : "info",
                "place" : {
                  "filePath" : "unos.gspec",
                  "lineNumber" : 105
                },
                "name" : "inside forma",
                "meta" : [ ],
                "highlight" : [ "inputForme3", "forma" ]
              } ]
            } ]
          } ],
          "objects" : {
            "meni" : {
              "area" : [ 40, 30, 932, 76 ]
            },
            "labelaForme2" : {
              "area" : [ 357, 215, 120, 18 ]
            },
            "labelaForme3" : {
              "area" : [ 357, 283, 120, 18 ]
            },
            "labelaForme1" : {
              "area" : [ 357, 147, 120, 18 ]
            },
            "forma" : {
              "area" : [ 341, 131, 329, 340 ]
            },
            "sadrzaj" : {
              "area" : [ 40, 114, 932, 366 ]
            },
            "meniLink1" : {
              "area" : [ 57, 79, 66, 17 ]
            },
            "inputForme4" : {
              "area" : [ 510, 349, 147, 22 ]
            },
            "meniLink2" : {
              "area" : [ 127, 79, 43, 17 ]
            },
            "inputForme3" : {
              "area" : [ 510, 281, 147, 22 ]
            },
            "meniLink3" : {
              "area" : [ 175, 79, 49, 17 ]
            },
            "meniLink4" : {
              "area" : [ 228, 79, 91, 17 ]
            },
            "inputForme5" : {
              "area" : [ 510, 417, 100, 22 ]
            },
            "viewport" : {
              "area" : [ 0, 0, 1012, 687 ]
            },
            "labelaForme4" : {
              "area" : [ 357, 351, 120, 18 ]
            },
            "inputForme2" : {
              "area" : [ 510, 213, 146, 22 ]
            },
            "labelaForme5" : {
              "area" : [ 357, 419, 120, 18 ]
            },
            "inputForme1" : {
              "area" : [ 510, 145, 147, 22 ]
            },
            "pozadinaLoga" : {
              "area" : [ 480, 6, 52, 52 ]
            },
            "meniLink5" : {
              "area" : [ 324, 79, 56, 17 ]
            }
          },
          "screenshot" : "layout-1-screenshot.png",
          "type" : "layout"
        } ],
        "time" : 1573653034653,
        "type" : "node"
      } ],
      "time" : 1573653027168,
      "type" : "node"
    } ]
  }
}