{
  "testId" : "1-saledesktop.gspec",
  "name" : "saleDesktop.gspec",
  "report" : {
    "nodes" : [ {
      "name" : "Mutation test",
      "status" : "info",
      "nodes" : [ {
        "name" : "check  saleDesktop.gspec --url http://localhost/sale.html  --size 1200x800 --offset 5 --htmlreport mutation-report",
        "status" : "info",
        "nodes" : [ {
          "name" : "Check layout: saleDesktop.gspec included tags: ",
          "status" : "info",
          "time" : 1573652062696,
          "sections" : [ {
            "name" : "Meni section",
            "place" : {
              "filePath" : "saleDesktop.gspec",
              "lineNumber" : 17
            },
            "objects" : [ {
              "name" : "logo",
              "specs" : [ {
                "status" : "info",
                "place" : {
                  "filePath" : "saleDesktop.gspec",
                  "lineNumber" : 20
                },
                "name" : "width 100% of logo/height",
                "meta" : [ {
                  "from" : {
                    "object" : "logo",
                    "edge" : "left"
                  },
                  "to" : {
                    "object" : "logo",
                    "edge" : "right"
                  },
                  "expectedDistance" : "100% [100px]",
                  "realDistance" : "100% [100px]"
                } ],
                "highlight" : [ "logo" ]
              }, {
                "status" : "info",
                "place" : {
                  "filePath" : "saleDesktop.gspec",
                  "lineNumber" : 21
                },
                "name" : "css justify-content is \"center\"",
                "highlight" : [ "logo" ]
              } ]
            }, {
              "name" : "img",
              "specs" : [ {
                "status" : "info",
                "place" : {
                  "filePath" : "saleDesktop.gspec",
                  "lineNumber" : 25
                },
                "name" : "width 100% of logo/height",
                "meta" : [ {
                  "from" : {
                    "object" : "img",
                    "edge" : "left"
                  },
                  "to" : {
                    "object" : "img",
                    "edge" : "right"
                  },
                  "expectedDistance" : "100% [100px]",
                  "realDistance" : "100% [100px]"
                } ],
                "highlight" : [ "img" ]
              }, {
                "status" : "info",
                "place" : {
                  "filePath" : "saleDesktop.gspec",
                  "lineNumber" : 26
                },
                "name" : "width 100% of logo/width",
                "meta" : [ {
                  "from" : {
                    "object" : "img",
                    "edge" : "left"
                  },
                  "to" : {
                    "object" : "img",
                    "edge" : "right"
                  },
                  "expectedDistance" : "100% [100px]",
                  "realDistance" : "100% [100px]"
                } ],
                "highlight" : [ "img" ]
              }, {
                "status" : "info",
                "place" : {
                  "filePath" : "saleDesktop.gspec",
                  "lineNumber" : 27
                },
                "name" : "css padding is \"\"",
                "highlight" : [ "img" ]
              }, {
                "status" : "info",
                "place" : {
                  "filePath" : "saleDesktop.gspec",
                  "lineNumber" : 28
                },
                "name" : "css margin is \"\"",
                "highlight" : [ "img" ]
              } ]
            }, {
              "name" : "meni",
              "specs" : [ {
                "status" : "info",
                "place" : {
                  "filePath" : "saleDesktop.gspec",
                  "lineNumber" : 31
                },
                "name" : "below logo  -50 % of logo/height",
                "meta" : [ {
                  "from" : {
                    "object" : "meni",
                    "edge" : "top"
                  },
                  "to" : {
                    "object" : "logo",
                    "edge" : "bottom"
                  },
                  "expectedDistance" : "-50px",
                  "realDistance" : "-50px"
                } ],
                "highlight" : [ "meni", "logo" ]
              }, {
                "status" : "info",
                "place" : {
                  "filePath" : "saleDesktop.gspec",
                  "lineNumber" : 32
                },
                "name" : "css background-color is  \"rgb(203, 214, 248)\"",
                "highlight" : [ "meni" ]
              }, {
                "status" : "info",
                "place" : {
                  "filePath" : "saleDesktop.gspec",
                  "lineNumber" : 33
                },
                "name" : "css padding is \"\"",
                "highlight" : [ "meni" ]
              }, {
                "status" : "info",
                "place" : {
                  "filePath" : "saleDesktop.gspec",
                  "lineNumber" : 34
                },
                "name" : "css margin is \"\"",
                "highlight" : [ "meni" ]
              }, {
                "status" : "info",
                "place" : {
                  "filePath" : "saleDesktop.gspec",
                  "lineNumber" : 35
                },
                "name" : "css max-width is \"750px\"",
                "highlight" : [ "meni" ]
              } ]
            }, {
              "name" : "meniUl",
              "specs" : [ {
                "status" : "info",
                "place" : {
                  "filePath" : "saleDesktop.gspec",
                  "lineNumber" : 38
                },
                "name" : "width 100% of meni/width",
                "meta" : [ {
                  "from" : {
                    "object" : "meniUl",
                    "edge" : "left"
                  },
                  "to" : {
                    "object" : "meniUl",
                    "edge" : "right"
                  },
                  "expectedDistance" : "100% [750px]",
                  "realDistance" : "100% [750px]"
                } ],
                "highlight" : [ "meniUl" ]
              }, {
                "status" : "info",
                "place" : {
                  "filePath" : "saleDesktop.gspec",
                  "lineNumber" : 39
                },
                "name" : "centered horizontally inside meni",
                "highlight" : [ "meniUl", "meni" ]
              }, {
                "status" : "info",
                "place" : {
                  "filePath" : "saleDesktop.gspec",
                  "lineNumber" : 40
                },
                "name" : "count any menu_item-* is 5",
                "highlight" : [ "menu_item-3", "menu_item-2", "menu_item-5", "menu_item-4", "menu_item-1" ]
              } ]
            }, {
              "name" : "menu_item-1",
              "specs" : [ {
                "status" : "info",
                "place" : {
                  "filePath" : "saleDesktop.gspec",
                  "lineNumber" : 43
                },
                "name" : "text is \"Početna\"",
                "highlight" : [ "menu_item-1" ]
              }, {
                "status" : "info",
                "place" : {
                  "filePath" : "saleDesktop.gspec",
                  "lineNumber" : 44
                },
                "name" : "aligned horizontally all menu_item-2",
                "highlight" : [ "menu_item-1", "menu_item-2" ]
              }, {
                "status" : "info",
                "place" : {
                  "filePath" : "saleDesktop.gspec",
                  "lineNumber" : 45
                },
                "name" : "aligned horizontally all menu_item-3",
                "highlight" : [ "menu_item-1", "menu_item-3" ]
              }, {
                "status" : "info",
                "place" : {
                  "filePath" : "saleDesktop.gspec",
                  "lineNumber" : 46
                },
                "name" : "aligned horizontally all menu_item-4",
                "highlight" : [ "menu_item-1", "menu_item-4" ]
              }, {
                "status" : "info",
                "place" : {
                  "filePath" : "saleDesktop.gspec",
                  "lineNumber" : 47
                },
                "name" : "aligned horizontally all menu_item-5",
                "highlight" : [ "menu_item-1", "menu_item-5" ]
              } ]
            }, {
              "name" : "trenutnaStranica",
              "specs" : [ {
                "status" : "info",
                "place" : {
                  "filePath" : "saleDesktop.gspec",
                  "lineNumber" : 50
                },
                "name" : "text is \"Sale\"",
                "highlight" : [ "trenutnaStranica" ]
              }, {
                "status" : "info",
                "place" : {
                  "filePath" : "saleDesktop.gspec",
                  "lineNumber" : 51
                },
                "name" : "css color is \"rgb(0, 0, 0)\"",
                "highlight" : [ "trenutnaStranica" ]
              } ]
            }, {
              "name" : "sadrzaj",
              "specs" : [ {
                "status" : "info",
                "place" : {
                  "filePath" : "saleDesktop.gspec",
                  "lineNumber" : 54
                },
                "name" : "below meni 5px",
                "meta" : [ {
                  "from" : {
                    "object" : "sadrzaj",
                    "edge" : "top"
                  },
                  "to" : {
                    "object" : "meni",
                    "edge" : "bottom"
                  },
                  "expectedDistance" : "5px",
                  "realDistance" : "5px"
                } ],
                "highlight" : [ "sadrzaj", "meni" ]
              }, {
                "status" : "info",
                "place" : {
                  "filePath" : "saleDesktop.gspec",
                  "lineNumber" : 55
                },
                "name" : "css background-color is  \"rgb(203, 214, 248)\"",
                "highlight" : [ "sadrzaj" ]
              }, {
                "status" : "info",
                "place" : {
                  "filePath" : "saleDesktop.gspec",
                  "lineNumber" : 56
                },
                "name" : "css max-width is \"750px\"",
                "highlight" : [ "sadrzaj" ]
              }, {
                "status" : "info",
                "place" : {
                  "filePath" : "saleDesktop.gspec",
                  "lineNumber" : 57
                },
                "name" : "css justify-content is \"center\"",
                "highlight" : [ "sadrzaj" ]
              } ]
            }, {
              "name" : "tabelaSala",
              "specs" : [ {
                "status" : "info",
                "place" : {
                  "filePath" : "saleDesktop.gspec",
                  "lineNumber" : 60
                },
                "name" : "inside sadrzaj 10px top",
                "meta" : [ {
                  "from" : {
                    "object" : "tabelaSala",
                    "edge" : "top"
                  },
                  "to" : {
                    "object" : "sadrzaj",
                    "edge" : "top"
                  },
                  "expectedDistance" : "10px",
                  "realDistance" : "10px"
                } ],
                "highlight" : [ "tabelaSala", "sadrzaj" ]
              }, {
                "status" : "info",
                "place" : {
                  "filePath" : "saleDesktop.gspec",
                  "lineNumber" : 61
                },
                "name" : "centered horizontally inside sadrzaj",
                "highlight" : [ "tabelaSala", "sadrzaj" ]
              } ]
            }, {
              "name" : "hSprat",
              "specs" : [ {
                "status" : "info",
                "place" : {
                  "filePath" : "saleDesktop.gspec",
                  "lineNumber" : 64
                },
                "name" : "inside tabelaSala",
                "meta" : [ ],
                "highlight" : [ "hSprat", "tabelaSala" ]
              }, {
                "status" : "info",
                "place" : {
                  "filePath" : "saleDesktop.gspec",
                  "lineNumber" : 65
                },
                "name" : "above sala",
                "meta" : [ {
                  "from" : {
                    "object" : "hSprat",
                    "edge" : "bottom"
                  },
                  "to" : {
                    "object" : "sala",
                    "edge" : "top"
                  },
                  "expectedDistance" : ">= 0px",
                  "realDistance" : "60px"
                } ],
                "highlight" : [ "hSprat", "sala" ]
              }, {
                "status" : "info",
                "place" : {
                  "filePath" : "saleDesktop.gspec",
                  "lineNumber" : 66
                },
                "name" : "height 60px",
                "meta" : [ {
                  "from" : {
                    "object" : "hSprat",
                    "edge" : "top"
                  },
                  "to" : {
                    "object" : "hSprat",
                    "edge" : "bottom"
                  },
                  "expectedDistance" : "60px",
                  "realDistance" : "60px"
                } ],
                "highlight" : [ "hSprat" ]
              }, {
                "status" : "info",
                "place" : {
                  "filePath" : "saleDesktop.gspec",
                  "lineNumber" : 67
                },
                "name" : "text is \"Spratovi\"",
                "highlight" : [ "hSprat" ]
              }, {
                "status" : "info",
                "place" : {
                  "filePath" : "saleDesktop.gspec",
                  "lineNumber" : 68
                },
                "name" : "css font-size is \"17px\"",
                "highlight" : [ "hSprat" ]
              }, {
                "status" : "info",
                "place" : {
                  "filePath" : "saleDesktop.gspec",
                  "lineNumber" : 69
                },
                "name" : "css font-family starts \"Georgia\"",
                "highlight" : [ "hSprat" ]
              }, {
                "status" : "info",
                "place" : {
                  "filePath" : "saleDesktop.gspec",
                  "lineNumber" : 70
                },
                "name" : "css color is \"rgb(0, 0, 0)\"",
                "highlight" : [ "hSprat" ]
              }, {
                "status" : "info",
                "place" : {
                  "filePath" : "saleDesktop.gspec",
                  "lineNumber" : 71
                },
                "name" : "css background-color is  \"rgb(169, 169, 169)\"",
                "highlight" : [ "hSprat" ]
              }, {
                "status" : "info",
                "place" : {
                  "filePath" : "saleDesktop.gspec",
                  "lineNumber" : 72
                },
                "name" : "css text-align is \"center\"",
                "highlight" : [ "hSprat" ]
              } ]
            }, {
              "name" : "hRedni",
              "specs" : [ {
                "status" : "info",
                "place" : {
                  "filePath" : "saleDesktop.gspec",
                  "lineNumber" : 75
                },
                "name" : "inside tabelaSala",
                "meta" : [ ],
                "highlight" : [ "hRedni", "tabelaSala" ]
              }, {
                "status" : "info",
                "place" : {
                  "filePath" : "saleDesktop.gspec",
                  "lineNumber" : 76
                },
                "name" : "left-of sala",
                "meta" : [ {
                  "from" : {
                    "object" : "hRedni",
                    "edge" : "right"
                  },
                  "to" : {
                    "object" : "sala",
                    "edge" : "left"
                  },
                  "expectedDistance" : ">= 0px",
                  "realDistance" : "0px"
                } ],
                "highlight" : [ "hRedni", "sala" ]
              }, {
                "status" : "info",
                "place" : {
                  "filePath" : "saleDesktop.gspec",
                  "lineNumber" : 77
                },
                "name" : "css font-size is \"17px\"",
                "highlight" : [ "hRedni" ]
              }, {
                "status" : "info",
                "place" : {
                  "filePath" : "saleDesktop.gspec",
                  "lineNumber" : 78
                },
                "name" : "css background-color is  \"rgb(211, 211, 211)\"",
                "highlight" : [ "hRedni" ]
              }, {
                "status" : "info",
                "place" : {
                  "filePath" : "saleDesktop.gspec",
                  "lineNumber" : 79
                },
                "name" : "css text-align is \"left\"",
                "highlight" : [ "hRedni" ]
              } ]
            }, {
              "name" : "zauzeta",
              "specs" : [ {
                "status" : "info",
                "place" : {
                  "filePath" : "saleDesktop.gspec",
                  "lineNumber" : 82
                },
                "name" : "inside tabelaSala",
                "meta" : [ ],
                "highlight" : [ "zauzeta", "tabelaSala" ]
              }, {
                "status" : "info",
                "place" : {
                  "filePath" : "saleDesktop.gspec",
                  "lineNumber" : 83
                },
                "name" : "css background-color is  \"rgb(255, 80, 80)\"",
                "highlight" : [ "zauzeta" ]
              } ]
            }, {
              "name" : "slobodna",
              "specs" : [ {
                "status" : "info",
                "place" : {
                  "filePath" : "saleDesktop.gspec",
                  "lineNumber" : 86
                },
                "name" : "inside tabelaSala",
                "meta" : [ ],
                "highlight" : [ "slobodna", "tabelaSala" ]
              }, {
                "status" : "info",
                "place" : {
                  "filePath" : "saleDesktop.gspec",
                  "lineNumber" : 87
                },
                "name" : "css background-color is  \"rgb(102, 204, 102)\"",
                "highlight" : [ "slobodna" ]
              } ]
            }, {
              "name" : "kancelarija",
              "specs" : [ {
                "status" : "info",
                "place" : {
                  "filePath" : "saleDesktop.gspec",
                  "lineNumber" : 90
                },
                "name" : "inside tabelaSala",
                "meta" : [ ],
                "highlight" : [ "kancelarija", "tabelaSala" ]
              }, {
                "status" : "info",
                "place" : {
                  "filePath" : "saleDesktop.gspec",
                  "lineNumber" : 91
                },
                "name" : "css background-color is  \"rgb(214, 214, 194)\"",
                "highlight" : [ "kancelarija" ]
              } ]
            }, {
              "name" : "sala",
              "specs" : [ {
                "status" : "info",
                "place" : {
                  "filePath" : "saleDesktop.gspec",
                  "lineNumber" : 94
                },
                "name" : "inside tabelaSala",
                "meta" : [ ],
                "highlight" : [ "sala", "tabelaSala" ]
              }, {
                "status" : "info",
                "place" : {
                  "filePath" : "saleDesktop.gspec",
                  "lineNumber" : 95
                },
                "name" : "css background-color is  \"rgb(255, 255, 255)\"",
                "highlight" : [ "sala" ]
              }, {
                "status" : "info",
                "place" : {
                  "filePath" : "saleDesktop.gspec",
                  "lineNumber" : 96
                },
                "name" : "height 45px",
                "meta" : [ {
                  "from" : {
                    "object" : "sala",
                    "edge" : "top"
                  },
                  "to" : {
                    "object" : "sala",
                    "edge" : "bottom"
                  },
                  "expectedDistance" : "45px",
                  "realDistance" : "45px"
                } ],
                "highlight" : [ "sala" ]
              }, {
                "status" : "info",
                "place" : {
                  "filePath" : "saleDesktop.gspec",
                  "lineNumber" : 97
                },
                "name" : "width 50px",
                "meta" : [ {
                  "from" : {
                    "object" : "sala",
                    "edge" : "left"
                  },
                  "to" : {
                    "object" : "sala",
                    "edge" : "right"
                  },
                  "expectedDistance" : "50px",
                  "realDistance" : "50px"
                } ],
                "highlight" : [ "sala" ]
              }, {
                "status" : "info",
                "place" : {
                  "filePath" : "saleDesktop.gspec",
                  "lineNumber" : 98
                },
                "name" : "css font-size is \"15px\"",
                "highlight" : [ "sala" ]
              }, {
                "status" : "info",
                "place" : {
                  "filePath" : "saleDesktop.gspec",
                  "lineNumber" : 99
                },
                "name" : "css font-family starts \"Verdana\"",
                "highlight" : [ "sala" ]
              }, {
                "status" : "info",
                "place" : {
                  "filePath" : "saleDesktop.gspec",
                  "lineNumber" : 100
                },
                "name" : "css text-align is \"left\"",
                "highlight" : [ "sala" ]
              }, {
                "status" : "info",
                "place" : {
                  "filePath" : "saleDesktop.gspec",
                  "lineNumber" : 101
                },
                "name" : "css vertical-align is \"top\"",
                "highlight" : [ "sala" ]
              } ]
            } ]
          } ],
          "objects" : {
            "meni" : {
              "area" : [ 225, 50, 750, 100 ]
            },
            "menu_item-3" : {
              "area" : [ 364, 120, 51, 29 ]
            },
            "menu_item-2" : {
              "area" : [ 314, 120, 45, 29 ]
            },
            "img" : {
              "area" : [ 550, 0, 100, 100 ]
            },
            "menu_item-5" : {
              "area" : [ 529, 120, 60, 29 ]
            },
            "menu_item-4" : {
              "area" : [ 420, 120, 104, 29 ]
            },
            "meniUl" : {
              "area" : [ 225, 50, 750, 104 ]
            },
            "menu_item-1" : {
              "area" : [ 235, 120, 74, 29 ]
            },
            "sadrzaj" : {
              "area" : [ 225, 155, 750, 546 ]
            },
            "hRedni" : {
              "area" : [ 432, 226, 86, 60 ]
            },
            "zauzeta" : {
              "area" : [ 718, 331, 50, 45 ]
            },
            "kancelarija" : {
              "area" : [ 568, 376, 50, 45 ]
            },
            "tabelaSala" : {
              "area" : [ 432, 165, 336, 526 ]
            },
            "trenutnaStranica" : {
              "area" : [ 319, 125, 35, 19 ]
            },
            "sala" : {
              "area" : [ 518, 286, 50, 45 ]
            },
            "logo" : {
              "area" : [ 550, 0, 100, 100 ]
            },
            "hSprat" : {
              "area" : [ 518, 166, 250, 60 ]
            },
            "slobodna" : {
              "area" : [ 718, 286, 50, 45 ]
            }
          },
          "screenshot" : "layout-1-screenshot.png",
          "type" : "layout"
        }, {
          "name" : "Mutation testing: saleDesktop.gspec included tags: ",
          "status" : "info",
          "time" : 1573652062696,
          "mutationReport" : {
            "objectMutationStatistics" : {
              "meni" : {
                "passed" : 10,
                "failed" : 0,
                "failedMutations" : [ ]
              },
              "menu_item-3" : {
                "passed" : 10,
                "failed" : 0,
                "failedMutations" : [ ]
              },
              "menu_item-2" : {
                "passed" : 10,
                "failed" : 0,
                "failedMutations" : [ ]
              },
              "img" : {
                "passed" : 10,
                "failed" : 0,
                "failedMutations" : [ ]
              },
              "menu_item-5" : {
                "passed" : 10,
                "failed" : 0,
                "failedMutations" : [ ]
              },
              "menu_item-4" : {
                "passed" : 10,
                "failed" : 0,
                "failedMutations" : [ ]
              },
              "meniUl" : {
                "passed" : 10,
                "failed" : 0,
                "failedMutations" : [ ]
              },
              "menu_item-1" : {
                "passed" : 10,
                "failed" : 0,
                "failedMutations" : [ ]
              },
              "sadrzaj" : {
                "passed" : 10,
                "failed" : 0,
                "failedMutations" : [ ]
              },
              "hRedni" : {
                "passed" : 10,
                "failed" : 0,
                "failedMutations" : [ ]
              },
              "zauzeta" : {
                "passed" : 10,
                "failed" : 0,
                "failedMutations" : [ ]
              },
              "kancelarija" : {
                "passed" : 10,
                "failed" : 0,
                "failedMutations" : [ ]
              },
              "tabelaSala" : {
                "passed" : 10,
                "failed" : 0,
                "failedMutations" : [ ]
              },
              "trenutnaStranica" : {
                "passed" : 10,
                "failed" : 0,
                "failedMutations" : [ ]
              },
              "sala" : {
                "passed" : 10,
                "failed" : 0,
                "failedMutations" : [ ]
              },
              "logo" : {
                "passed" : 10,
                "failed" : 0,
                "failedMutations" : [ ]
              },
              "hSprat" : {
                "passed" : 10,
                "failed" : 0,
                "failedMutations" : [ ]
              },
              "slobodna" : {
                "passed" : 10,
                "failed" : 0,
                "failedMutations" : [ ]
              }
            },
            "totalPassed" : 180,
            "totalFailed" : 0,
            "totalMutations" : 180,
            "failedRatio" : 0.0
          },
          "type" : "mutation"
        } ],
        "time" : 1573652047866,
        "type" : "node"
      } ],
      "time" : 1573652043427,
      "type" : "node"
    } ]
  }
}