{
  "testId" : "1-unosdesktop.gspec",
  "name" : "unosDesktop.gspec",
  "report" : {
    "nodes" : [ {
      "name" : "Mutation test",
      "status" : "info",
      "nodes" : [ {
        "name" : "check  unosDesktop.gspec --url http://localhost/unos.html  --size 1200x800 --offset 5 --htmlreport mutation-report",
        "status" : "info",
        "nodes" : [ {
          "name" : "Check layout: unosDesktop.gspec included tags: ",
          "status" : "info",
          "time" : 1573652037789,
          "sections" : [ {
            "name" : "Meni section",
            "place" : {
              "filePath" : "unosDesktop.gspec",
              "lineNumber" : 14
            },
            "objects" : [ {
              "name" : "logo",
              "specs" : [ {
                "status" : "info",
                "place" : {
                  "filePath" : "unosDesktop.gspec",
                  "lineNumber" : 17
                },
                "name" : "width 100% of logo/height",
                "meta" : [ {
                  "from" : {
                    "object" : "logo",
                    "edge" : "left"
                  },
                  "to" : {
                    "object" : "logo",
                    "edge" : "right"
                  },
                  "expectedDistance" : "100% [100px]",
                  "realDistance" : "100% [100px]"
                } ],
                "highlight" : [ "logo" ]
              }, {
                "status" : "info",
                "place" : {
                  "filePath" : "unosDesktop.gspec",
                  "lineNumber" : 18
                },
                "name" : "css justify-content is \"center\"",
                "highlight" : [ "logo" ]
              } ]
            }, {
              "name" : "img",
              "specs" : [ {
                "status" : "info",
                "place" : {
                  "filePath" : "unosDesktop.gspec",
                  "lineNumber" : 21
                },
                "name" : "width 100% of logo/height",
                "meta" : [ {
                  "from" : {
                    "object" : "img",
                    "edge" : "left"
                  },
                  "to" : {
                    "object" : "img",
                    "edge" : "right"
                  },
                  "expectedDistance" : "100% [100px]",
                  "realDistance" : "100% [100px]"
                } ],
                "highlight" : [ "img" ]
              }, {
                "status" : "info",
                "place" : {
                  "filePath" : "unosDesktop.gspec",
                  "lineNumber" : 22
                },
                "name" : "width 100% of logo/width",
                "meta" : [ {
                  "from" : {
                    "object" : "img",
                    "edge" : "left"
                  },
                  "to" : {
                    "object" : "img",
                    "edge" : "right"
                  },
                  "expectedDistance" : "100% [100px]",
                  "realDistance" : "100% [100px]"
                } ],
                "highlight" : [ "img" ]
              }, {
                "status" : "info",
                "place" : {
                  "filePath" : "unosDesktop.gspec",
                  "lineNumber" : 23
                },
                "name" : "css padding is \"\"",
                "highlight" : [ "img" ]
              }, {
                "status" : "info",
                "place" : {
                  "filePath" : "unosDesktop.gspec",
                  "lineNumber" : 24
                },
                "name" : "css margin is \"\"",
                "highlight" : [ "img" ]
              } ]
            }, {
              "name" : "meni",
              "specs" : [ {
                "status" : "info",
                "place" : {
                  "filePath" : "unosDesktop.gspec",
                  "lineNumber" : 27
                },
                "name" : "below logo  -50 % of logo/height",
                "meta" : [ {
                  "from" : {
                    "object" : "meni",
                    "edge" : "top"
                  },
                  "to" : {
                    "object" : "logo",
                    "edge" : "bottom"
                  },
                  "expectedDistance" : "-50px",
                  "realDistance" : "-50px"
                } ],
                "highlight" : [ "meni", "logo" ]
              }, {
                "status" : "info",
                "place" : {
                  "filePath" : "unosDesktop.gspec",
                  "lineNumber" : 28
                },
                "name" : "css background-color is  \"rgb(203, 214, 248)\"",
                "highlight" : [ "meni" ]
              }, {
                "status" : "info",
                "place" : {
                  "filePath" : "unosDesktop.gspec",
                  "lineNumber" : 29
                },
                "name" : "css padding is \"\"",
                "highlight" : [ "meni" ]
              }, {
                "status" : "info",
                "place" : {
                  "filePath" : "unosDesktop.gspec",
                  "lineNumber" : 30
                },
                "name" : "css margin is \"\"",
                "highlight" : [ "meni" ]
              }, {
                "status" : "info",
                "place" : {
                  "filePath" : "unosDesktop.gspec",
                  "lineNumber" : 31
                },
                "name" : "css max-width is \"750px\"",
                "highlight" : [ "meni" ]
              } ]
            }, {
              "name" : "meniUl",
              "specs" : [ {
                "status" : "info",
                "place" : {
                  "filePath" : "unosDesktop.gspec",
                  "lineNumber" : 34
                },
                "name" : "width 100% of meni/width",
                "meta" : [ {
                  "from" : {
                    "object" : "meniUl",
                    "edge" : "left"
                  },
                  "to" : {
                    "object" : "meniUl",
                    "edge" : "right"
                  },
                  "expectedDistance" : "100% [750px]",
                  "realDistance" : "100% [750px]"
                } ],
                "highlight" : [ "meniUl" ]
              }, {
                "status" : "info",
                "place" : {
                  "filePath" : "unosDesktop.gspec",
                  "lineNumber" : 35
                },
                "name" : "centered horizontally inside meni",
                "highlight" : [ "meniUl", "meni" ]
              }, {
                "status" : "info",
                "place" : {
                  "filePath" : "unosDesktop.gspec",
                  "lineNumber" : 36
                },
                "name" : "count any menu_item-* is 5",
                "highlight" : [ "menu_item-3", "menu_item-2", "menu_item-5", "menu_item-4", "menu_item-1" ]
              } ]
            }, {
              "name" : "menu_item-1",
              "specs" : [ {
                "status" : "info",
                "place" : {
                  "filePath" : "unosDesktop.gspec",
                  "lineNumber" : 39
                },
                "name" : "inside meniUl",
                "meta" : [ ],
                "highlight" : [ "menu_item-1", "meniUl" ]
              }, {
                "status" : "info",
                "place" : {
                  "filePath" : "unosDesktop.gspec",
                  "lineNumber" : 40
                },
                "name" : "text is \"Početna\"",
                "highlight" : [ "menu_item-1" ]
              }, {
                "status" : "info",
                "place" : {
                  "filePath" : "unosDesktop.gspec",
                  "lineNumber" : 41
                },
                "name" : "aligned horizontally all menu_item-2",
                "highlight" : [ "menu_item-1", "menu_item-2" ]
              }, {
                "status" : "info",
                "place" : {
                  "filePath" : "unosDesktop.gspec",
                  "lineNumber" : 42
                },
                "name" : "aligned horizontally all menu_item-3",
                "highlight" : [ "menu_item-1", "menu_item-3" ]
              }, {
                "status" : "info",
                "place" : {
                  "filePath" : "unosDesktop.gspec",
                  "lineNumber" : 43
                },
                "name" : "aligned horizontally all menu_item-4",
                "highlight" : [ "menu_item-1", "menu_item-4" ]
              }, {
                "status" : "info",
                "place" : {
                  "filePath" : "unosDesktop.gspec",
                  "lineNumber" : 44
                },
                "name" : "aligned horizontally all menu_item-5",
                "highlight" : [ "menu_item-1", "menu_item-5" ]
              } ]
            }, {
              "name" : "trenutnaStranica",
              "specs" : [ {
                "status" : "info",
                "place" : {
                  "filePath" : "unosDesktop.gspec",
                  "lineNumber" : 47
                },
                "name" : "text is \"Unos\"",
                "highlight" : [ "trenutnaStranica" ]
              }, {
                "status" : "info",
                "place" : {
                  "filePath" : "unosDesktop.gspec",
                  "lineNumber" : 48
                },
                "name" : "css color is \"rgb(0, 0, 0)\"",
                "highlight" : [ "trenutnaStranica" ]
              } ]
            }, {
              "name" : "sadrzaj",
              "specs" : [ {
                "status" : "info",
                "place" : {
                  "filePath" : "unosDesktop.gspec",
                  "lineNumber" : 51
                },
                "name" : "below meni 5px",
                "meta" : [ {
                  "from" : {
                    "object" : "sadrzaj",
                    "edge" : "top"
                  },
                  "to" : {
                    "object" : "meni",
                    "edge" : "bottom"
                  },
                  "expectedDistance" : "5px",
                  "realDistance" : "5px"
                } ],
                "highlight" : [ "sadrzaj", "meni" ]
              }, {
                "status" : "info",
                "place" : {
                  "filePath" : "unosDesktop.gspec",
                  "lineNumber" : 52
                },
                "name" : "css background-color is  \"rgb(203, 214, 248)\"",
                "highlight" : [ "sadrzaj" ]
              }, {
                "status" : "info",
                "place" : {
                  "filePath" : "unosDesktop.gspec",
                  "lineNumber" : 53
                },
                "name" : "css max-width is \"750px\"",
                "highlight" : [ "sadrzaj" ]
              }, {
                "status" : "info",
                "place" : {
                  "filePath" : "unosDesktop.gspec",
                  "lineNumber" : 54
                },
                "name" : "css justify-content is \"center\"",
                "highlight" : [ "sadrzaj" ]
              } ]
            }, {
              "name" : "form",
              "specs" : [ {
                "status" : "info",
                "place" : {
                  "filePath" : "unosDesktop.gspec",
                  "lineNumber" : 57
                },
                "name" : "inside sadrzaj",
                "meta" : [ ],
                "highlight" : [ "form", "sadrzaj" ]
              } ]
            }, {
              "name" : "label",
              "specs" : [ {
                "status" : "info",
                "place" : {
                  "filePath" : "unosDesktop.gspec",
                  "lineNumber" : 60
                },
                "name" : "inside form",
                "meta" : [ ],
                "highlight" : [ "label", "form" ]
              }, {
                "status" : "info",
                "place" : {
                  "filePath" : "unosDesktop.gspec",
                  "lineNumber" : 61
                },
                "name" : "left-of input",
                "meta" : [ {
                  "from" : {
                    "object" : "label",
                    "edge" : "right"
                  },
                  "to" : {
                    "object" : "input",
                    "edge" : "left"
                  },
                  "expectedDistance" : ">= 0px",
                  "realDistance" : "6px"
                } ],
                "highlight" : [ "label", "input" ]
              }, {
                "status" : "info",
                "place" : {
                  "filePath" : "unosDesktop.gspec",
                  "lineNumber" : 62
                },
                "name" : "css float is \"left\"",
                "highlight" : [ "label" ]
              } ]
            }, {
              "name" : "input",
              "specs" : [ {
                "status" : "info",
                "place" : {
                  "filePath" : "unosDesktop.gspec",
                  "lineNumber" : 65
                },
                "name" : "inside form",
                "meta" : [ ],
                "highlight" : [ "input", "form" ]
              }, {
                "status" : "info",
                "place" : {
                  "filePath" : "unosDesktop.gspec",
                  "lineNumber" : 66
                },
                "name" : "right-of label",
                "meta" : [ {
                  "from" : {
                    "object" : "input",
                    "edge" : "left"
                  },
                  "to" : {
                    "object" : "label",
                    "edge" : "right"
                  },
                  "expectedDistance" : ">= 0px",
                  "realDistance" : "6px"
                } ],
                "highlight" : [ "input", "label" ]
              }, {
                "status" : "info",
                "place" : {
                  "filePath" : "unosDesktop.gspec",
                  "lineNumber" : 67
                },
                "name" : "css float is \"left\"",
                "highlight" : [ "input" ]
              } ]
            } ]
          } ],
          "objects" : {
            "meni" : {
              "area" : [ 225, 50, 750, 100 ]
            },
            "menu_item-3" : {
              "area" : [ 364, 120, 51, 29 ]
            },
            "menu_item-2" : {
              "area" : [ 314, 120, 45, 29 ]
            },
            "img" : {
              "area" : [ 550, 0, 100, 100 ]
            },
            "menu_item-5" : {
              "area" : [ 529, 120, 60, 29 ]
            },
            "menu_item-4" : {
              "area" : [ 420, 120, 104, 29 ]
            },
            "meniUl" : {
              "area" : [ 225, 50, 750, 104 ]
            },
            "label" : {
              "area" : [ 426, 170, 150, 30 ]
            },
            "menu_item-1" : {
              "area" : [ 235, 120, 74, 29 ]
            },
            "sadrzaj" : {
              "area" : [ 225, 155, 750, 220 ]
            },
            "input" : {
              "area" : [ 582, 166, 194, 32 ]
            },
            "trenutnaStranica" : {
              "area" : [ 369, 125, 41, 19 ]
            },
            "form" : {
              "area" : [ 421, 165, 356, 200 ]
            },
            "logo" : {
              "area" : [ 550, 0, 100, 100 ]
            }
          },
          "screenshot" : "layout-1-screenshot.png",
          "type" : "layout"
        }, {
          "name" : "Mutation testing: unosDesktop.gspec included tags: ",
          "status" : "info",
          "time" : 1573652037789,
          "mutationReport" : {
            "objectMutationStatistics" : {
              "meni" : {
                "passed" : 10,
                "failed" : 0,
                "failedMutations" : [ ]
              },
              "menu_item-3" : {
                "passed" : 10,
                "failed" : 0,
                "failedMutations" : [ ]
              },
              "menu_item-2" : {
                "passed" : 10,
                "failed" : 0,
                "failedMutations" : [ ]
              },
              "img" : {
                "passed" : 10,
                "failed" : 0,
                "failedMutations" : [ ]
              },
              "menu_item-5" : {
                "passed" : 10,
                "failed" : 0,
                "failedMutations" : [ ]
              },
              "menu_item-4" : {
                "passed" : 10,
                "failed" : 0,
                "failedMutations" : [ ]
              },
              "meniUl" : {
                "passed" : 10,
                "failed" : 0,
                "failedMutations" : [ ]
              },
              "label" : {
                "passed" : 10,
                "failed" : 0,
                "failedMutations" : [ ]
              },
              "menu_item-1" : {
                "passed" : 10,
                "failed" : 0,
                "failedMutations" : [ ]
              },
              "sadrzaj" : {
                "passed" : 10,
                "failed" : 0,
                "failedMutations" : [ ]
              },
              "input" : {
                "passed" : 10,
                "failed" : 0,
                "failedMutations" : [ ]
              },
              "trenutnaStranica" : {
                "passed" : 10,
                "failed" : 0,
                "failedMutations" : [ ]
              },
              "form" : {
                "passed" : 10,
                "failed" : 0,
                "failedMutations" : [ ]
              },
              "logo" : {
                "passed" : 10,
                "failed" : 0,
                "failedMutations" : [ ]
              }
            },
            "totalPassed" : 140,
            "totalFailed" : 0,
            "totalMutations" : 140,
            "failedRatio" : 0.0
          },
          "type" : "mutation"
        } ],
        "time" : 1573652027803,
        "type" : "node"
      } ],
      "time" : 1573652023296,
      "type" : "node"
    } ]
  }
}