{
        "periodicna": [
            {
                "dan": "3",
                "semestar": "zimski",
                "pocetak": "16:00",
                "kraj": "18:00",
                "naziv": "0-01",
				"predavac": "Ime Prezi"
            }
        ],
        "vanredna": [
            {
                "datum": "11.12.2019",
                "pocetak": "09:00",
                "kraj": "12:00",
                "naziv": "VA",
                "predavac": "Imenko Prezimenko"
            }
        ]
}