{
  "testId" : "1-sale.gspec",
  "name" : "sale.gspec",
  "report" : {
    "nodes" : [ {
      "name" : "Mutation test",
      "status" : "info",
      "nodes" : [ {
        "name" : "check  sale.gspec --url http://localhost/sale.html --size 1024x768 --htmlreport izvjestajSale",
        "status" : "info",
        "nodes" : [ {
          "name" : "Check layout: sale.gspec included tags: ",
          "status" : "info",
          "time" : 1573657063069,
          "sections" : [ {
            "name" : "Meni section",
            "place" : {
              "filePath" : "sale.gspec",
              "lineNumber" : 23
            },
            "objects" : [ {
              "name" : "logo_slika",
              "specs" : [ {
                "status" : "info",
                "place" : {
                  "filePath" : "sale.gspec",
                  "lineNumber" : 25
                },
                "name" : "height ~ 100px",
                "meta" : [ {
                  "from" : {
                    "object" : "logo_slika",
                    "edge" : "top"
                  },
                  "to" : {
                    "object" : "logo_slika",
                    "edge" : "bottom"
                  },
                  "expectedDistance" : "98 to 102px",
                  "realDistance" : "102px"
                } ],
                "highlight" : [ "logo_slika" ]
              }, {
                "status" : "info",
                "place" : {
                  "filePath" : "sale.gspec",
                  "lineNumber" : 26
                },
                "name" : "inside logo",
                "meta" : [ ],
                "highlight" : [ "logo_slika", "logo" ]
              }, {
                "status" : "info",
                "place" : {
                  "filePath" : "sale.gspec",
                  "lineNumber" : 27
                },
                "name" : "css border-color is \"rgb(0, 0, 139)\"",
                "highlight" : [ "logo_slika" ]
              } ]
            }, {
              "name" : "logo",
              "specs" : [ {
                "status" : "info",
                "place" : {
                  "filePath" : "sale.gspec",
                  "lineNumber" : 30
                },
                "name" : "width 100px",
                "meta" : [ {
                  "from" : {
                    "object" : "logo",
                    "edge" : "left"
                  },
                  "to" : {
                    "object" : "logo",
                    "edge" : "right"
                  },
                  "expectedDistance" : "100px",
                  "realDistance" : "100px"
                } ],
                "highlight" : [ "logo" ]
              }, {
                "status" : "info",
                "place" : {
                  "filePath" : "sale.gspec",
                  "lineNumber" : 31
                },
                "name" : "centered horizontally inside body",
                "highlight" : [ "logo", "body" ]
              } ]
            }, {
              "name" : "body",
              "specs" : [ {
                "status" : "info",
                "place" : {
                  "filePath" : "sale.gspec",
                  "lineNumber" : 34
                },
                "name" : "width ~90% of screen/width",
                "meta" : [ {
                  "from" : {
                    "object" : "body",
                    "edge" : "left"
                  },
                  "to" : {
                    "object" : "body",
                    "edge" : "right"
                  },
                  "expectedDistance" : "88 to 92% [874 to 914px]",
                  "realDistance" : "90% [895px]"
                } ],
                "highlight" : [ "body" ]
              }, {
                "status" : "info",
                "place" : {
                  "filePath" : "sale.gspec",
                  "lineNumber" : 35
                },
                "name" : "css font-family starts \"sans-serif\"",
                "highlight" : [ "body" ]
              } ]
            }, {
              "name" : "meni",
              "specs" : [ {
                "status" : "info",
                "place" : {
                  "filePath" : "sale.gspec",
                  "lineNumber" : 38
                },
                "name" : "contains partly logo",
                "highlight" : [ "meni", "logo" ]
              }, {
                "status" : "info",
                "place" : {
                  "filePath" : "sale.gspec",
                  "lineNumber" : 39
                },
                "name" : "css padding-top is \"60px\"",
                "highlight" : [ "meni" ]
              }, {
                "status" : "info",
                "place" : {
                  "filePath" : "sale.gspec",
                  "lineNumber" : 40
                },
                "name" : "css background-color is \"rgba(92, 153, 202, 1)\"",
                "highlight" : [ "meni" ]
              } ]
            }, {
              "name" : "lista_menija",
              "specs" : [ {
                "status" : "info",
                "place" : {
                  "filePath" : "sale.gspec",
                  "lineNumber" : 43
                },
                "name" : "css padding-top is \"0px\"",
                "highlight" : [ "lista_menija" ]
              }, {
                "status" : "info",
                "place" : {
                  "filePath" : "sale.gspec",
                  "lineNumber" : 44
                },
                "name" : "css text-align is \"center\"",
                "highlight" : [ "lista_menija" ]
              }, {
                "status" : "info",
                "place" : {
                  "filePath" : "sale.gspec",
                  "lineNumber" : 45
                },
                "name" : "css padding-bottom is \"10px\"",
                "highlight" : [ "lista_menija" ]
              } ]
            }, {
              "name" : "stavka_menija-1",
              "specs" : [ {
                "status" : "info",
                "place" : {
                  "filePath" : "sale.gspec",
                  "lineNumber" : 48
                },
                "name" : "below logo",
                "meta" : [ {
                  "from" : {
                    "object" : "stavka_menija-1",
                    "edge" : "top"
                  },
                  "to" : {
                    "object" : "logo",
                    "edge" : "bottom"
                  },
                  "expectedDistance" : ">= 0px",
                  "realDistance" : "23px"
                } ],
                "highlight" : [ "stavka_menija-1", "logo" ]
              }, {
                "status" : "info",
                "place" : {
                  "filePath" : "sale.gspec",
                  "lineNumber" : 49
                },
                "name" : "above sadrzaj",
                "meta" : [ {
                  "from" : {
                    "object" : "stavka_menija-1",
                    "edge" : "bottom"
                  },
                  "to" : {
                    "object" : "sadrzaj",
                    "edge" : "top"
                  },
                  "expectedDistance" : ">= 0px",
                  "realDistance" : "19px"
                } ],
                "highlight" : [ "stavka_menija-1", "sadrzaj" ]
              }, {
                "status" : "info",
                "place" : {
                  "filePath" : "sale.gspec",
                  "lineNumber" : 50
                },
                "name" : "css display is \"inline\"",
                "highlight" : [ "stavka_menija-1" ]
              }, {
                "status" : "info",
                "place" : {
                  "filePath" : "sale.gspec",
                  "lineNumber" : 57
                },
                "name" : "text is \"Po�?etna\"",
                "highlight" : [ "stavka_menija-1" ]
              }, {
                "status" : "info",
                "place" : {
                  "filePath" : "sale.gspec",
                  "lineNumber" : 58
                },
                "name" : "left-of stavka_menija-2",
                "meta" : [ {
                  "from" : {
                    "object" : "stavka_menija-1",
                    "edge" : "right"
                  },
                  "to" : {
                    "object" : "stavka_menija-2",
                    "edge" : "left"
                  },
                  "expectedDistance" : ">= 0px",
                  "realDistance" : "49px"
                } ],
                "highlight" : [ "stavka_menija-1", "stavka_menija-2" ]
              } ]
            }, {
              "name" : "stavka_menija-2",
              "specs" : [ {
                "status" : "info",
                "place" : {
                  "filePath" : "sale.gspec",
                  "lineNumber" : 48
                },
                "name" : "below logo",
                "meta" : [ {
                  "from" : {
                    "object" : "stavka_menija-2",
                    "edge" : "top"
                  },
                  "to" : {
                    "object" : "logo",
                    "edge" : "bottom"
                  },
                  "expectedDistance" : ">= 0px",
                  "realDistance" : "23px"
                } ],
                "highlight" : [ "stavka_menija-2", "logo" ]
              }, {
                "status" : "info",
                "place" : {
                  "filePath" : "sale.gspec",
                  "lineNumber" : 49
                },
                "name" : "above sadrzaj",
                "meta" : [ {
                  "from" : {
                    "object" : "stavka_menija-2",
                    "edge" : "bottom"
                  },
                  "to" : {
                    "object" : "sadrzaj",
                    "edge" : "top"
                  },
                  "expectedDistance" : ">= 0px",
                  "realDistance" : "19px"
                } ],
                "highlight" : [ "stavka_menija-2", "sadrzaj" ]
              }, {
                "status" : "info",
                "place" : {
                  "filePath" : "sale.gspec",
                  "lineNumber" : 50
                },
                "name" : "css display is \"inline\"",
                "highlight" : [ "stavka_menija-2" ]
              }, {
                "status" : "info",
                "place" : {
                  "filePath" : "sale.gspec",
                  "lineNumber" : 61
                },
                "name" : "text is \"Sale\"",
                "highlight" : [ "stavka_menija-2" ]
              }, {
                "status" : "info",
                "place" : {
                  "filePath" : "sale.gspec",
                  "lineNumber" : 62
                },
                "name" : "aligned horizontally top stavka_menija-4",
                "highlight" : [ "stavka_menija-2", "stavka_menija-4" ]
              } ]
            }, {
              "name" : "stavka_menija-3",
              "specs" : [ {
                "status" : "info",
                "place" : {
                  "filePath" : "sale.gspec",
                  "lineNumber" : 48
                },
                "name" : "below logo",
                "meta" : [ {
                  "from" : {
                    "object" : "stavka_menija-3",
                    "edge" : "top"
                  },
                  "to" : {
                    "object" : "logo",
                    "edge" : "bottom"
                  },
                  "expectedDistance" : ">= 0px",
                  "realDistance" : "23px"
                } ],
                "highlight" : [ "stavka_menija-3", "logo" ]
              }, {
                "status" : "info",
                "place" : {
                  "filePath" : "sale.gspec",
                  "lineNumber" : 49
                },
                "name" : "above sadrzaj",
                "meta" : [ {
                  "from" : {
                    "object" : "stavka_menija-3",
                    "edge" : "bottom"
                  },
                  "to" : {
                    "object" : "sadrzaj",
                    "edge" : "top"
                  },
                  "expectedDistance" : ">= 0px",
                  "realDistance" : "19px"
                } ],
                "highlight" : [ "stavka_menija-3", "sadrzaj" ]
              }, {
                "status" : "info",
                "place" : {
                  "filePath" : "sale.gspec",
                  "lineNumber" : 50
                },
                "name" : "css display is \"inline\"",
                "highlight" : [ "stavka_menija-3" ]
              }, {
                "status" : "info",
                "place" : {
                  "filePath" : "sale.gspec",
                  "lineNumber" : 54
                },
                "name" : "text is \"Unos\"",
                "highlight" : [ "stavka_menija-3" ]
              } ]
            }, {
              "name" : "stavka_menija-4",
              "specs" : [ {
                "status" : "info",
                "place" : {
                  "filePath" : "sale.gspec",
                  "lineNumber" : 48
                },
                "name" : "below logo",
                "meta" : [ {
                  "from" : {
                    "object" : "stavka_menija-4",
                    "edge" : "top"
                  },
                  "to" : {
                    "object" : "logo",
                    "edge" : "bottom"
                  },
                  "expectedDistance" : ">= 0px",
                  "realDistance" : "23px"
                } ],
                "highlight" : [ "stavka_menija-4", "logo" ]
              }, {
                "status" : "info",
                "place" : {
                  "filePath" : "sale.gspec",
                  "lineNumber" : 49
                },
                "name" : "above sadrzaj",
                "meta" : [ {
                  "from" : {
                    "object" : "stavka_menija-4",
                    "edge" : "bottom"
                  },
                  "to" : {
                    "object" : "sadrzaj",
                    "edge" : "top"
                  },
                  "expectedDistance" : ">= 0px",
                  "realDistance" : "19px"
                } ],
                "highlight" : [ "stavka_menija-4", "sadrzaj" ]
              }, {
                "status" : "info",
                "place" : {
                  "filePath" : "sale.gspec",
                  "lineNumber" : 50
                },
                "name" : "css display is \"inline\"",
                "highlight" : [ "stavka_menija-4" ]
              }, {
                "status" : "info",
                "place" : {
                  "filePath" : "sale.gspec",
                  "lineNumber" : 65
                },
                "name" : "text is \"Rezervacije\"",
                "highlight" : [ "stavka_menija-4" ]
              }, {
                "status" : "info",
                "place" : {
                  "filePath" : "sale.gspec",
                  "lineNumber" : 66
                },
                "name" : "right-of stavka_menija-1",
                "meta" : [ {
                  "from" : {
                    "object" : "stavka_menija-4",
                    "edge" : "left"
                  },
                  "to" : {
                    "object" : "stavka_menija-1",
                    "edge" : "right"
                  },
                  "expectedDistance" : ">= 0px",
                  "realDistance" : "217px"
                } ],
                "highlight" : [ "stavka_menija-4", "stavka_menija-1" ]
              } ]
            } ]
          }, {
            "name" : "Main section",
            "place" : {
              "filePath" : "sale.gspec",
              "lineNumber" : 68
            },
            "objects" : [ {
              "name" : "global",
              "specs" : [ {
                "status" : "info",
                "place" : {
                  "filePath" : "sale.gspec",
                  "lineNumber" : 71
                },
                "name" : "count any sve_sale-* is 45",
                "highlight" : [ "sve_sale-29", "sve_sale-22", "sve_sale-44", "sve_sale-21", "sve_sale-43", "sve_sale-24", "sve_sale-23", "sve_sale-45", "sve_sale-26", "sve_sale-25", "sve_sale-28", "sve_sale-27", "sve_sale-40", "sve_sale-20", "sve_sale-42", "sve_sale-41", "sve_sale-9", "sve_sale-19", "sve_sale-18", "sve_sale-11", "sve_sale-33", "sve_sale-10", "sve_sale-32", "sve_sale-13", "sve_sale-35", "sve_sale-12", "sve_sale-34", "sve_sale-15", "sve_sale-37", "sve_sale-14", "sve_sale-36", "sve_sale-17", "sve_sale-39", "sve_sale-16", "sve_sale-38", "sve_sale-7", "sve_sale-8", "sve_sale-5", "sve_sale-6", "sve_sale-3", "sve_sale-4", "sve_sale-1", "sve_sale-31", "sve_sale-2", "sve_sale-30" ]
              }, {
                "status" : "info",
                "place" : {
                  "filePath" : "sale.gspec",
                  "lineNumber" : 72
                },
                "name" : "count any sve_slobodne-* is 2",
                "highlight" : [ "sve_slobodne-2", "sve_slobodne-1" ]
              }, {
                "status" : "info",
                "place" : {
                  "filePath" : "sale.gspec",
                  "lineNumber" : 73
                },
                "name" : "count any sve_zauzete-* is 2",
                "highlight" : [ "sve_zauzete-2", "sve_zauzete-1" ]
              }, {
                "status" : "info",
                "place" : {
                  "filePath" : "sale.gspec",
                  "lineNumber" : 74
                },
                "name" : "count any sve_kancelarije-* is 2",
                "highlight" : [ "sve_kancelarije-2", "sve_kancelarije-1" ]
              } ]
            }, {
              "name" : "sadrzaj",
              "specs" : [ {
                "status" : "info",
                "place" : {
                  "filePath" : "sale.gspec",
                  "lineNumber" : 77
                },
                "name" : "contains tabela",
                "highlight" : [ "sadrzaj", "tabela" ]
              } ]
            }, {
              "name" : "tabela",
              "specs" : [ {
                "status" : "info",
                "place" : {
                  "filePath" : "sale.gspec",
                  "lineNumber" : 80
                },
                "name" : "width 400px",
                "meta" : [ {
                  "from" : {
                    "object" : "tabela",
                    "edge" : "left"
                  },
                  "to" : {
                    "object" : "tabela",
                    "edge" : "right"
                  },
                  "expectedDistance" : "400px",
                  "realDistance" : "400px"
                } ],
                "highlight" : [ "tabela" ]
              } ]
            }, {
              "name" : "sprat",
              "specs" : [ {
                "status" : "info",
                "place" : {
                  "filePath" : "sale.gspec",
                  "lineNumber" : 83
                },
                "name" : "css background-color is \"rgba(128, 128, 128, 1)\"",
                "highlight" : [ "sprat" ]
              }, {
                "status" : "info",
                "place" : {
                  "filePath" : "sale.gspec",
                  "lineNumber" : 84
                },
                "name" : "height 60px",
                "meta" : [ {
                  "from" : {
                    "object" : "sprat",
                    "edge" : "top"
                  },
                  "to" : {
                    "object" : "sprat",
                    "edge" : "bottom"
                  },
                  "expectedDistance" : "60px",
                  "realDistance" : "60px"
                } ],
                "highlight" : [ "sprat" ]
              }, {
                "status" : "info",
                "place" : {
                  "filePath" : "sale.gspec",
                  "lineNumber" : 85
                },
                "name" : "above sale",
                "meta" : [ {
                  "from" : {
                    "object" : "sprat",
                    "edge" : "bottom"
                  },
                  "to" : {
                    "object" : "sale",
                    "edge" : "top"
                  },
                  "expectedDistance" : ">= 0px",
                  "realDistance" : "60px"
                } ],
                "highlight" : [ "sprat", "sale" ]
              }, {
                "status" : "info",
                "place" : {
                  "filePath" : "sale.gspec",
                  "lineNumber" : 86
                },
                "name" : "inside tabela",
                "meta" : [ ],
                "highlight" : [ "sprat", "tabela" ]
              } ]
            }, {
              "name" : "redni",
              "specs" : [ {
                "status" : "info",
                "place" : {
                  "filePath" : "sale.gspec",
                  "lineNumber" : 89
                },
                "name" : "css background-color is \"rgba(145, 152, 160, 1)\"",
                "highlight" : [ "redni" ]
              }, {
                "status" : "info",
                "place" : {
                  "filePath" : "sale.gspec",
                  "lineNumber" : 90
                },
                "name" : "left-of sale",
                "meta" : [ {
                  "from" : {
                    "object" : "redni",
                    "edge" : "right"
                  },
                  "to" : {
                    "object" : "sale",
                    "edge" : "left"
                  },
                  "expectedDistance" : ">= 0px",
                  "realDistance" : "0px"
                } ],
                "highlight" : [ "redni", "sale" ]
              }, {
                "status" : "info",
                "place" : {
                  "filePath" : "sale.gspec",
                  "lineNumber" : 91
                },
                "name" : "inside tabela",
                "meta" : [ ],
                "highlight" : [ "redni", "tabela" ]
              } ]
            }, {
              "name" : "sale",
              "specs" : [ {
                "status" : "info",
                "place" : {
                  "filePath" : "sale.gspec",
                  "lineNumber" : 94
                },
                "name" : "css background-color is \"rgba(255, 255, 255, 1)\"",
                "highlight" : [ "sale" ]
              }, {
                "status" : "info",
                "place" : {
                  "filePath" : "sale.gspec",
                  "lineNumber" : 95
                },
                "name" : "inside tabela",
                "meta" : [ ],
                "highlight" : [ "sale", "tabela" ]
              } ]
            }, {
              "name" : "zauzeta",
              "specs" : [ {
                "status" : "info",
                "place" : {
                  "filePath" : "sale.gspec",
                  "lineNumber" : 98
                },
                "name" : "css background-color is \"rgba(255, 69, 0, 1)\"",
                "highlight" : [ "zauzeta" ]
              } ]
            }, {
              "name" : "slobodna",
              "specs" : [ {
                "status" : "info",
                "place" : {
                  "filePath" : "sale.gspec",
                  "lineNumber" : 101
                },
                "name" : "css background-color is \"rgba(87, 218, 87, 1)\"",
                "highlight" : [ "slobodna" ]
              } ]
            }, {
              "name" : "kancelarija",
              "specs" : [ {
                "status" : "info",
                "place" : {
                  "filePath" : "sale.gspec",
                  "lineNumber" : 104
                },
                "name" : "css background-color is \"rgba(100, 133, 167, 1)\"",
                "highlight" : [ "kancelarija" ]
              } ]
            }, {
              "name" : "naslov_spratova",
              "specs" : [ {
                "status" : "info",
                "place" : {
                  "filePath" : "sale.gspec",
                  "lineNumber" : 107
                },
                "name" : "text is \"Spratovi\"",
                "highlight" : [ "naslov_spratova" ]
              } ]
            } ]
          } ],
          "objects" : {
            "sve_sale-29" : {
              "area" : [ 584, 528, 50, 29 ]
            },
            "body" : {
              "area" : [ 49, 0, 895, 689 ]
            },
            "sve_sale-22" : {
              "area" : [ 485, 499, 50, 29 ]
            },
            "sve_sale-21" : {
              "area" : [ 435, 499, 50, 29 ]
            },
            "sve_sale-24" : {
              "area" : [ 584, 499, 50, 29 ]
            },
            "tabela" : {
              "area" : [ 297, 264, 400, 380 ]
            },
            "sve_sale-23" : {
              "area" : [ 534, 499, 50, 29 ]
            },
            "sve_sale-26" : {
              "area" : [ 435, 528, 50, 29 ]
            },
            "sve_sale-25" : {
              "area" : [ 634, 499, 62, 29 ]
            },
            "sve_sale-28" : {
              "area" : [ 534, 528, 50, 29 ]
            },
            "sve_sale-27" : {
              "area" : [ 485, 528, 50, 29 ]
            },
            "logo" : {
              "area" : [ 447, 53, 100, 106 ]
            },
            "sve_sale-20" : {
              "area" : [ 634, 470, 62, 29 ]
            },
            "sprat" : {
              "area" : [ 435, 264, 261, 60 ]
            },
            "sve_sale-9" : {
              "area" : [ 584, 412, 50, 29 ]
            },
            "sve_sale-19" : {
              "area" : [ 584, 470, 50, 29 ]
            },
            "sve_sale-18" : {
              "area" : [ 534, 470, 50, 29 ]
            },
            "sve_sale-11" : {
              "area" : [ 435, 441, 50, 29 ]
            },
            "sve_sale-10" : {
              "area" : [ 634, 412, 62, 29 ]
            },
            "sve_sale-13" : {
              "area" : [ 534, 441, 50, 29 ]
            },
            "sve_sale-12" : {
              "area" : [ 485, 441, 50, 29 ]
            },
            "sve_sale-15" : {
              "area" : [ 634, 441, 62, 29 ]
            },
            "sve_sale-14" : {
              "area" : [ 584, 441, 50, 29 ]
            },
            "sve_sale-17" : {
              "area" : [ 485, 470, 50, 29 ]
            },
            "sve_sale-16" : {
              "area" : [ 435, 470, 50, 29 ]
            },
            "sve_sale-7" : {
              "area" : [ 485, 412, 50, 29 ]
            },
            "sve_sale-8" : {
              "area" : [ 534, 412, 50, 29 ]
            },
            "sve_sale-5" : {
              "area" : [ 634, 384, 62, 29 ]
            },
            "sve_sale-6" : {
              "area" : [ 435, 412, 50, 29 ]
            },
            "sve_sale-3" : {
              "area" : [ 534, 384, 50, 29 ]
            },
            "sve_sale-4" : {
              "area" : [ 584, 384, 50, 29 ]
            },
            "sve_sale-1" : {
              "area" : [ 435, 384, 50, 29 ]
            },
            "sve_sale-2" : {
              "area" : [ 485, 384, 50, 29 ]
            },
            "naslov_spratova" : {
              "area" : [ 435, 264, 261, 60 ]
            },
            "lista_menija" : {
              "area" : [ 49, 182, 895, 29 ]
            },
            "sve_zauzete-2" : {
              "area" : [ 435, 528, 50, 29 ]
            },
            "sve_zauzete-1" : {
              "area" : [ 634, 412, 62, 29 ]
            },
            "logo_slika" : {
              "area" : [ 447, 53, 102, 102 ]
            },
            "sve_kancelarije-2" : {
              "area" : [ 485, 614, 50, 29 ]
            },
            "sve_kancelarije-1" : {
              "area" : [ 485, 585, 50, 29 ]
            },
            "kancelarija" : {
              "area" : [ 485, 585, 50, 29 ]
            },
            "sve_sale-44" : {
              "area" : [ 584, 614, 50, 29 ]
            },
            "sve_sale-43" : {
              "area" : [ 534, 614, 50, 29 ]
            },
            "sve_sale-45" : {
              "area" : [ 634, 614, 62, 29 ]
            },
            "sve_sale-40" : {
              "area" : [ 634, 585, 62, 29 ]
            },
            "sve_sale-42" : {
              "area" : [ 485, 614, 50, 29 ]
            },
            "sve_sale-41" : {
              "area" : [ 435, 614, 50, 29 ]
            },
            "meni" : {
              "area" : [ 49, 106, 895, 104 ]
            },
            "sve_slobodne-2" : {
              "area" : [ 485, 441, 50, 29 ]
            },
            "sve_slobodne-1" : {
              "area" : [ 634, 384, 62, 29 ]
            },
            "stavka_menija-3" : {
              "area" : [ 436, 182, 38, 18 ]
            },
            "stavka_menija-2" : {
              "area" : [ 354, 182, 32, 18 ]
            },
            "stavka_menija-1" : {
              "area" : [ 247, 182, 58, 18 ]
            },
            "sadrzaj" : {
              "area" : [ 49, 219, 895, 470 ]
            },
            "zauzeta" : {
              "area" : [ 634, 412, 62, 29 ]
            },
            "stavka_menija-4" : {
              "area" : [ 522, 182, 84, 18 ]
            },
            "sve_sale-33" : {
              "area" : [ 534, 556, 50, 29 ]
            },
            "sve_sale-32" : {
              "area" : [ 485, 556, 50, 29 ]
            },
            "sve_sale-35" : {
              "area" : [ 634, 556, 62, 29 ]
            },
            "sale" : {
              "area" : [ 435, 384, 50, 29 ]
            },
            "sve_sale-34" : {
              "area" : [ 584, 556, 50, 29 ]
            },
            "sve_sale-37" : {
              "area" : [ 485, 585, 50, 29 ]
            },
            "sve_sale-36" : {
              "area" : [ 435, 585, 50, 29 ]
            },
            "sve_sale-39" : {
              "area" : [ 584, 585, 50, 29 ]
            },
            "sve_sale-38" : {
              "area" : [ 534, 585, 50, 29 ]
            },
            "redni" : {
              "area" : [ 297, 324, 138, 60 ]
            },
            "sve_sale-31" : {
              "area" : [ 435, 556, 50, 29 ]
            },
            "sve_sale-30" : {
              "area" : [ 634, 528, 62, 29 ]
            },
            "slobodna" : {
              "area" : [ 634, 384, 62, 29 ]
            }
          },
          "screenshot" : "layout-1-screenshot.png",
          "type" : "layout"
        }, {
          "name" : "Mutation testing: sale.gspec included tags: ",
          "status" : "info",
          "time" : 1573657063069,
          "mutationReport" : {
            "objectMutationStatistics" : {
              "screen" : {
                "passed" : 10,
                "failed" : 0,
                "failedMutations" : [ ]
              },
              "sve_sale-29" : {
                "passed" : 10,
                "failed" : 0,
                "failedMutations" : [ ]
              },
              "body" : {
                "passed" : 10,
                "failed" : 0,
                "failedMutations" : [ ]
              },
              "sve_sale-22" : {
                "passed" : 10,
                "failed" : 0,
                "failedMutations" : [ ]
              },
              "sve_sale-21" : {
                "passed" : 10,
                "failed" : 0,
                "failedMutations" : [ ]
              },
              "sve_sale-24" : {
                "passed" : 10,
                "failed" : 0,
                "failedMutations" : [ ]
              },
              "tabela" : {
                "passed" : 10,
                "failed" : 0,
                "failedMutations" : [ ]
              },
              "sve_sale-23" : {
                "passed" : 10,
                "failed" : 0,
                "failedMutations" : [ ]
              },
              "sve_sale-26" : {
                "passed" : 10,
                "failed" : 0,
                "failedMutations" : [ ]
              },
              "sve_sale-25" : {
                "passed" : 10,
                "failed" : 0,
                "failedMutations" : [ ]
              },
              "sve_sale-28" : {
                "passed" : 10,
                "failed" : 0,
                "failedMutations" : [ ]
              },
              "sve_sale-27" : {
                "passed" : 10,
                "failed" : 0,
                "failedMutations" : [ ]
              },
              "logo" : {
                "passed" : 10,
                "failed" : 0,
                "failedMutations" : [ ]
              },
              "sve_sale-20" : {
                "passed" : 10,
                "failed" : 0,
                "failedMutations" : [ ]
              },
              "sprat" : {
                "passed" : 10,
                "failed" : 0,
                "failedMutations" : [ ]
              },
              "sve_sale-9" : {
                "passed" : 10,
                "failed" : 0,
                "failedMutations" : [ ]
              },
              "sve_sale-19" : {
                "passed" : 10,
                "failed" : 0,
                "failedMutations" : [ ]
              },
              "sve_sale-18" : {
                "passed" : 10,
                "failed" : 0,
                "failedMutations" : [ ]
              },
              "sve_sale-11" : {
                "passed" : 10,
                "failed" : 0,
                "failedMutations" : [ ]
              },
              "sve_sale-10" : {
                "passed" : 10,
                "failed" : 0,
                "failedMutations" : [ ]
              },
              "sve_sale-13" : {
                "passed" : 10,
                "failed" : 0,
                "failedMutations" : [ ]
              },
              "sve_sale-12" : {
                "passed" : 10,
                "failed" : 0,
                "failedMutations" : [ ]
              },
              "sve_sale-15" : {
                "passed" : 10,
                "failed" : 0,
                "failedMutations" : [ ]
              },
              "sve_sale-14" : {
                "passed" : 10,
                "failed" : 0,
                "failedMutations" : [ ]
              },
              "sve_sale-17" : {
                "passed" : 10,
                "failed" : 0,
                "failedMutations" : [ ]
              },
              "sve_sale-16" : {
                "passed" : 10,
                "failed" : 0,
                "failedMutations" : [ ]
              },
              "sve_sale-7" : {
                "passed" : 10,
                "failed" : 0,
                "failedMutations" : [ ]
              },
              "sve_sale-8" : {
                "passed" : 10,
                "failed" : 0,
                "failedMutations" : [ ]
              },
              "sve_sale-5" : {
                "passed" : 10,
                "failed" : 0,
                "failedMutations" : [ ]
              },
              "sve_sale-6" : {
                "passed" : 10,
                "failed" : 0,
                "failedMutations" : [ ]
              },
              "sve_sale-3" : {
                "passed" : 10,
                "failed" : 0,
                "failedMutations" : [ ]
              },
              "sve_sale-4" : {
                "passed" : 10,
                "failed" : 0,
                "failedMutations" : [ ]
              },
              "sve_sale-1" : {
                "passed" : 10,
                "failed" : 0,
                "failedMutations" : [ ]
              },
              "sve_sale-2" : {
                "passed" : 10,
                "failed" : 0,
                "failedMutations" : [ ]
              },
              "naslov_spratova" : {
                "passed" : 10,
                "failed" : 0,
                "failedMutations" : [ ]
              },
              "lista_menija" : {
                "passed" : 10,
                "failed" : 0,
                "failedMutations" : [ ]
              },
              "sve_zauzete-2" : {
                "passed" : 10,
                "failed" : 0,
                "failedMutations" : [ ]
              },
              "sve_zauzete-1" : {
                "passed" : 10,
                "failed" : 0,
                "failedMutations" : [ ]
              },
              "logo_slika" : {
                "passed" : 10,
                "failed" : 0,
                "failedMutations" : [ ]
              },
              "sve_kancelarije-2" : {
                "passed" : 10,
                "failed" : 0,
                "failedMutations" : [ ]
              },
              "sve_kancelarije-1" : {
                "passed" : 10,
                "failed" : 0,
                "failedMutations" : [ ]
              },
              "kancelarija" : {
                "passed" : 10,
                "failed" : 0,
                "failedMutations" : [ ]
              },
              "sve_sale-44" : {
                "passed" : 10,
                "failed" : 0,
                "failedMutations" : [ ]
              },
              "sve_sale-43" : {
                "passed" : 10,
                "failed" : 0,
                "failedMutations" : [ ]
              },
              "sve_sale-45" : {
                "passed" : 10,
                "failed" : 0,
                "failedMutations" : [ ]
              },
              "sve_sale-40" : {
                "passed" : 10,
                "failed" : 0,
                "failedMutations" : [ ]
              },
              "sve_sale-42" : {
                "passed" : 10,
                "failed" : 0,
                "failedMutations" : [ ]
              },
              "sve_sale-41" : {
                "passed" : 10,
                "failed" : 0,
                "failedMutations" : [ ]
              },
              "meni" : {
                "passed" : 10,
                "failed" : 0,
                "failedMutations" : [ ]
              },
              "sve_slobodne-2" : {
                "passed" : 10,
                "failed" : 0,
                "failedMutations" : [ ]
              },
              "sve_slobodne-1" : {
                "passed" : 10,
                "failed" : 0,
                "failedMutations" : [ ]
              },
              "stavka_menija-3" : {
                "passed" : 10,
                "failed" : 0,
                "failedMutations" : [ ]
              },
              "stavka_menija-2" : {
                "passed" : 10,
                "failed" : 0,
                "failedMutations" : [ ]
              },
              "stavka_menija-1" : {
                "passed" : 10,
                "failed" : 0,
                "failedMutations" : [ ]
              },
              "sadrzaj" : {
                "passed" : 10,
                "failed" : 0,
                "failedMutations" : [ ]
              },
              "zauzeta" : {
                "passed" : 10,
                "failed" : 0,
                "failedMutations" : [ ]
              },
              "stavka_menija-4" : {
                "passed" : 10,
                "failed" : 0,
                "failedMutations" : [ ]
              },
              "sve_sale-33" : {
                "passed" : 10,
                "failed" : 0,
                "failedMutations" : [ ]
              },
              "sve_sale-32" : {
                "passed" : 10,
                "failed" : 0,
                "failedMutations" : [ ]
              },
              "sve_sale-35" : {
                "passed" : 10,
                "failed" : 0,
                "failedMutations" : [ ]
              },
              "sale" : {
                "passed" : 10,
                "failed" : 0,
                "failedMutations" : [ ]
              },
              "sve_sale-34" : {
                "passed" : 10,
                "failed" : 0,
                "failedMutations" : [ ]
              },
              "sve_sale-37" : {
                "passed" : 10,
                "failed" : 0,
                "failedMutations" : [ ]
              },
              "sve_sale-36" : {
                "passed" : 10,
                "failed" : 0,
                "failedMutations" : [ ]
              },
              "sve_sale-39" : {
                "passed" : 10,
                "failed" : 0,
                "failedMutations" : [ ]
              },
              "sve_sale-38" : {
                "passed" : 10,
                "failed" : 0,
                "failedMutations" : [ ]
              },
              "redni" : {
                "passed" : 10,
                "failed" : 0,
                "failedMutations" : [ ]
              },
              "sve_sale-31" : {
                "passed" : 10,
                "failed" : 0,
                "failedMutations" : [ ]
              },
              "sve_sale-30" : {
                "passed" : 10,
                "failed" : 0,
                "failedMutations" : [ ]
              },
              "slobodna" : {
                "passed" : 10,
                "failed" : 0,
                "failedMutations" : [ ]
              }
            },
            "totalPassed" : 700,
            "totalFailed" : 0,
            "totalMutations" : 700,
            "failedRatio" : 0.0
          },
          "type" : "mutation"
        } ],
        "time" : 1573657048425,
        "type" : "node"
      } ],
      "time" : 1573657038033,
      "type" : "node"
    } ]
  }
}