{
  "testId" : "1-rezervacija.gspec",
  "name" : "rezervacija.gspec",
  "report" : {
    "nodes" : [ {
      "name" : "Simple check",
      "status" : "info",
      "nodes" : [ {
        "name" : "check  rezervacija.gspec --url http://localhost/rezervacija.html --size 1024x768 --htmlreport izvjestajRezervacija",
        "status" : "info",
        "nodes" : [ {
          "name" : "Check layout: rezervacija.gspec included tags: ",
          "status" : "info",
          "time" : 1573512410939,
          "sections" : [ {
            "name" : "Meni section",
            "place" : {
              "filePath" : "rezervacija.gspec",
              "lineNumber" : 15
            },
            "objects" : [ {
              "name" : "meni",
              "specs" : [ {
                "status" : "info",
                "place" : {
                  "filePath" : "rezervacija.gspec",
                  "lineNumber" : 17
                },
                "name" : "above sadrzaj 10px",
                "meta" : [ {
                  "from" : {
                    "object" : "meni",
                    "edge" : "bottom"
                  },
                  "to" : {
                    "object" : "sadrzaj",
                    "edge" : "top"
                  },
                  "expectedDistance" : "10px",
                  "realDistance" : "10px"
                } ],
                "highlight" : [ "meni", "sadrzaj" ]
              }, {
                "status" : "info",
                "place" : {
                  "filePath" : "rezervacija.gspec",
                  "lineNumber" : 18
                },
                "name" : "contains partly logo",
                "highlight" : [ "meni", "logo" ]
              }, {
                "status" : "info",
                "place" : {
                  "filePath" : "rezervacija.gspec",
                  "lineNumber" : 19
                },
                "name" : "contains lista_linkova",
                "highlight" : [ "meni", "lista_linkova" ]
              } ]
            }, {
              "name" : "logo",
              "specs" : [ {
                "status" : "info",
                "place" : {
                  "filePath" : "rezervacija.gspec",
                  "lineNumber" : 23
                },
                "name" : "centered horizontally inside meni",
                "highlight" : [ "logo", "meni" ]
              }, {
                "status" : "info",
                "place" : {
                  "filePath" : "rezervacija.gspec",
                  "lineNumber" : 24
                },
                "name" : "on top edge meni ~40px top",
                "highlight" : [ "logo", "meni" ]
              }, {
                "status" : "info",
                "place" : {
                  "filePath" : "rezervacija.gspec",
                  "lineNumber" : 25
                },
                "name" : "height 80px",
                "meta" : [ {
                  "from" : {
                    "object" : "logo",
                    "edge" : "top"
                  },
                  "to" : {
                    "object" : "logo",
                    "edge" : "bottom"
                  },
                  "expectedDistance" : "80px",
                  "realDistance" : "80px"
                } ],
                "highlight" : [ "logo" ]
              }, {
                "status" : "info",
                "place" : {
                  "filePath" : "rezervacija.gspec",
                  "lineNumber" : 26
                },
                "name" : "contains slika",
                "highlight" : [ "logo", "slika" ]
              } ]
            }, {
              "name" : "slika",
              "specs" : [ {
                "status" : "info",
                "place" : {
                  "filePath" : "rezervacija.gspec",
                  "lineNumber" : 29
                },
                "name" : "inside logo",
                "meta" : [ ],
                "highlight" : [ "slika", "logo" ]
              }, {
                "status" : "info",
                "place" : {
                  "filePath" : "rezervacija.gspec",
                  "lineNumber" : 30
                },
                "name" : "height 100 % of logo/height",
                "meta" : [ {
                  "from" : {
                    "object" : "slika",
                    "edge" : "top"
                  },
                  "to" : {
                    "object" : "slika",
                    "edge" : "bottom"
                  },
                  "expectedDistance" : "100% [80px]",
                  "realDistance" : "100% [80px]"
                } ],
                "highlight" : [ "slika" ]
              }, {
                "status" : "info",
                "place" : {
                  "filePath" : "rezervacija.gspec",
                  "lineNumber" : 31
                },
                "name" : "width 100 % of logo/width",
                "meta" : [ {
                  "from" : {
                    "object" : "slika",
                    "edge" : "left"
                  },
                  "to" : {
                    "object" : "slika",
                    "edge" : "right"
                  },
                  "expectedDistance" : "100% [79px]",
                  "realDistance" : "100% [79px]"
                } ],
                "highlight" : [ "slika" ]
              } ]
            }, {
              "name" : "lista_linkova",
              "specs" : [ {
                "status" : "info",
                "place" : {
                  "filePath" : "rezervacija.gspec",
                  "lineNumber" : 34
                },
                "name" : "inside meni 1px bottom left right, ~45px top",
                "meta" : [ {
                  "from" : {
                    "object" : "lista_linkova",
                    "edge" : "bottom"
                  },
                  "to" : {
                    "object" : "meni",
                    "edge" : "bottom"
                  },
                  "expectedDistance" : "1px",
                  "realDistance" : "1px"
                }, {
                  "from" : {
                    "object" : "lista_linkova",
                    "edge" : "left"
                  },
                  "to" : {
                    "object" : "meni",
                    "edge" : "left"
                  },
                  "expectedDistance" : "1px",
                  "realDistance" : "1px"
                }, {
                  "from" : {
                    "object" : "lista_linkova",
                    "edge" : "right"
                  },
                  "to" : {
                    "object" : "meni",
                    "edge" : "right"
                  },
                  "expectedDistance" : "1px",
                  "realDistance" : "1px"
                }, {
                  "from" : {
                    "object" : "lista_linkova",
                    "edge" : "top"
                  },
                  "to" : {
                    "object" : "meni",
                    "edge" : "top"
                  },
                  "expectedDistance" : "43 to 47px",
                  "realDistance" : "46px"
                } ],
                "highlight" : [ "lista_linkova", "meni" ]
              }, {
                "status" : "info",
                "place" : {
                  "filePath" : "rezervacija.gspec",
                  "lineNumber" : 35
                },
                "name" : "below logo",
                "meta" : [ {
                  "from" : {
                    "object" : "lista_linkova",
                    "edge" : "top"
                  },
                  "to" : {
                    "object" : "logo",
                    "edge" : "bottom"
                  },
                  "expectedDistance" : ">= 0px",
                  "realDistance" : "5px"
                } ],
                "highlight" : [ "lista_linkova", "logo" ]
              }, {
                "status" : "info",
                "place" : {
                  "filePath" : "rezervacija.gspec",
                  "lineNumber" : 36
                },
                "name" : "width ~100% of meni/width",
                "meta" : [ {
                  "from" : {
                    "object" : "lista_linkova",
                    "edge" : "left"
                  },
                  "to" : {
                    "object" : "lista_linkova",
                    "edge" : "right"
                  },
                  "expectedDistance" : "98 to 102% [976 to 1015px]",
                  "realDistance" : "99% [994px]"
                } ],
                "highlight" : [ "lista_linkova" ]
              } ]
            }, {
              "name" : "link-1",
              "specs" : [ {
                "status" : "info",
                "place" : {
                  "filePath" : "rezervacija.gspec",
                  "lineNumber" : 41
                },
                "name" : "left-of link-2 24px",
                "meta" : [ {
                  "from" : {
                    "object" : "link-1",
                    "edge" : "right"
                  },
                  "to" : {
                    "object" : "link-2",
                    "edge" : "left"
                  },
                  "expectedDistance" : "24px",
                  "realDistance" : "24px"
                } ],
                "highlight" : [ "link-1", "link-2" ]
              }, {
                "status" : "info",
                "place" : {
                  "filePath" : "rezervacija.gspec",
                  "lineNumber" : 42
                },
                "name" : "aligned horizontally all link-2",
                "highlight" : [ "link-1", "link-2" ]
              }, {
                "status" : "info",
                "place" : {
                  "filePath" : "rezervacija.gspec",
                  "lineNumber" : 45
                },
                "name" : "aligned vertically left lista_linkova 20px",
                "highlight" : [ "link-1", "lista_linkova" ]
              } ]
            }, {
              "name" : "link-2",
              "specs" : [ {
                "status" : "info",
                "place" : {
                  "filePath" : "rezervacija.gspec",
                  "lineNumber" : 41
                },
                "name" : "left-of link-3 24px",
                "meta" : [ {
                  "from" : {
                    "object" : "link-2",
                    "edge" : "right"
                  },
                  "to" : {
                    "object" : "link-3",
                    "edge" : "left"
                  },
                  "expectedDistance" : "24px",
                  "realDistance" : "24px"
                } ],
                "highlight" : [ "link-2", "link-3" ]
              }, {
                "status" : "info",
                "place" : {
                  "filePath" : "rezervacija.gspec",
                  "lineNumber" : 42
                },
                "name" : "aligned horizontally all link-3",
                "highlight" : [ "link-2", "link-3" ]
              } ]
            }, {
              "name" : "link-3",
              "specs" : [ {
                "status" : "info",
                "place" : {
                  "filePath" : "rezervacija.gspec",
                  "lineNumber" : 41
                },
                "name" : "left-of link-4 24px",
                "meta" : [ {
                  "from" : {
                    "object" : "link-3",
                    "edge" : "right"
                  },
                  "to" : {
                    "object" : "link-4",
                    "edge" : "left"
                  },
                  "expectedDistance" : "24px",
                  "realDistance" : "24px"
                } ],
                "highlight" : [ "link-3", "link-4" ]
              }, {
                "status" : "info",
                "place" : {
                  "filePath" : "rezervacija.gspec",
                  "lineNumber" : 42
                },
                "name" : "aligned horizontally all link-4",
                "highlight" : [ "link-3", "link-4" ]
              } ]
            }, {
              "name" : "link-4",
              "specs" : [ {
                "status" : "info",
                "place" : {
                  "filePath" : "rezervacija.gspec",
                  "lineNumber" : 41
                },
                "name" : "left-of link-5 24px",
                "meta" : [ {
                  "from" : {
                    "object" : "link-4",
                    "edge" : "right"
                  },
                  "to" : {
                    "object" : "link-5",
                    "edge" : "left"
                  },
                  "expectedDistance" : "24px",
                  "realDistance" : "24px"
                } ],
                "highlight" : [ "link-4", "link-5" ]
              }, {
                "status" : "info",
                "place" : {
                  "filePath" : "rezervacija.gspec",
                  "lineNumber" : 42
                },
                "name" : "aligned horizontally all link-5",
                "highlight" : [ "link-4", "link-5" ]
              } ]
            }, {
              "name" : "link-5",
              "specs" : [ {
                "status" : "info",
                "place" : {
                  "filePath" : "rezervacija.gspec",
                  "lineNumber" : 48
                },
                "name" : "width ~45px",
                "meta" : [ {
                  "from" : {
                    "object" : "link-5",
                    "edge" : "left"
                  },
                  "to" : {
                    "object" : "link-5",
                    "edge" : "right"
                  },
                  "expectedDistance" : "43 to 47px",
                  "realDistance" : "45px"
                } ],
                "highlight" : [ "link-5" ]
              } ]
            } ]
          }, {
            "name" : "Main section",
            "place" : {
              "filePath" : "rezervacija.gspec",
              "lineNumber" : 50
            },
            "objects" : [ {
              "name" : "sadrzaj",
              "specs" : [ {
                "status" : "info",
                "place" : {
                  "filePath" : "rezervacija.gspec",
                  "lineNumber" : 52
                },
                "name" : "below meni",
                "meta" : [ {
                  "from" : {
                    "object" : "sadrzaj",
                    "edge" : "top"
                  },
                  "to" : {
                    "object" : "meni",
                    "edge" : "bottom"
                  },
                  "expectedDistance" : ">= 0px",
                  "realDistance" : "10px"
                } ],
                "highlight" : [ "sadrzaj", "meni" ]
              }, {
                "status" : "info",
                "place" : {
                  "filePath" : "rezervacija.gspec",
                  "lineNumber" : 53
                },
                "name" : "width ~100 % of screen/width",
                "meta" : [ {
                  "from" : {
                    "object" : "sadrzaj",
                    "edge" : "left"
                  },
                  "to" : {
                    "object" : "sadrzaj",
                    "edge" : "right"
                  },
                  "expectedDistance" : "98 to 102% [991 to 1032px]",
                  "realDistance" : "98% [996px]"
                } ],
                "highlight" : [ "sadrzaj" ]
              }, {
                "status" : "info",
                "place" : {
                  "filePath" : "rezervacija.gspec",
                  "lineNumber" : 54
                },
                "name" : "contains forma-1,forma-2,kalendar",
                "highlight" : [ "sadrzaj", "forma-1", "forma-2", "kalendar" ]
              } ]
            }, {
              "name" : "forma-1",
              "specs" : [ {
                "status" : "info",
                "place" : {
                  "filePath" : "rezervacija.gspec",
                  "lineNumber" : 57
                },
                "name" : "centered horizontally inside sadrzaj",
                "highlight" : [ "forma-1", "sadrzaj" ]
              }, {
                "status" : "info",
                "place" : {
                  "filePath" : "rezervacija.gspec",
                  "lineNumber" : 58
                },
                "name" : "inside sadrzaj 21px top, 363px bottom",
                "meta" : [ {
                  "from" : {
                    "object" : "forma-1",
                    "edge" : "top"
                  },
                  "to" : {
                    "object" : "sadrzaj",
                    "edge" : "top"
                  },
                  "expectedDistance" : "21px",
                  "realDistance" : "21px"
                }, {
                  "from" : {
                    "object" : "forma-1",
                    "edge" : "bottom"
                  },
                  "to" : {
                    "object" : "sadrzaj",
                    "edge" : "bottom"
                  },
                  "expectedDistance" : "363px",
                  "realDistance" : "363px"
                } ],
                "highlight" : [ "forma-1", "sadrzaj" ]
              }, {
                "status" : "info",
                "place" : {
                  "filePath" : "rezervacija.gspec",
                  "lineNumber" : 59
                },
                "name" : "contains label-1, label-2, label-3, label-4, select, input-1, input-2, input-3",
                "highlight" : [ "forma-1", "label-1", "label-2", "label-3", "label-4", "select", "input-1", "input-2", "input-3" ]
              } ]
            }, {
              "name" : "label-1",
              "specs" : [ {
                "status" : "info",
                "place" : {
                  "filePath" : "rezervacija.gspec",
                  "lineNumber" : 62
                },
                "name" : "left-of select 17px",
                "meta" : [ {
                  "from" : {
                    "object" : "label-1",
                    "edge" : "right"
                  },
                  "to" : {
                    "object" : "select",
                    "edge" : "left"
                  },
                  "expectedDistance" : "17px",
                  "realDistance" : "17px"
                } ],
                "highlight" : [ "label-1", "select" ]
              }, {
                "status" : "info",
                "place" : {
                  "filePath" : "rezervacija.gspec",
                  "lineNumber" : 63
                },
                "name" : "inside forma-1 5px top",
                "meta" : [ {
                  "from" : {
                    "object" : "label-1",
                    "edge" : "top"
                  },
                  "to" : {
                    "object" : "forma-1",
                    "edge" : "top"
                  },
                  "expectedDistance" : "5px",
                  "realDistance" : "5px"
                } ],
                "highlight" : [ "label-1", "forma-1" ]
              }, {
                "status" : "info",
                "place" : {
                  "filePath" : "rezervacija.gspec",
                  "lineNumber" : 64
                },
                "name" : "aligned horizontally bottom label-2 27px",
                "highlight" : [ "label-1", "label-2" ]
              }, {
                "status" : "info",
                "place" : {
                  "filePath" : "rezervacija.gspec",
                  "lineNumber" : 65
                },
                "name" : "width 60px",
                "meta" : [ {
                  "from" : {
                    "object" : "label-1",
                    "edge" : "left"
                  },
                  "to" : {
                    "object" : "label-1",
                    "edge" : "right"
                  },
                  "expectedDistance" : "60px",
                  "realDistance" : "60px"
                } ],
                "highlight" : [ "label-1" ]
              }, {
                "status" : "info",
                "place" : {
                  "filePath" : "rezervacija.gspec",
                  "lineNumber" : 66
                },
                "name" : "height 17px",
                "meta" : [ {
                  "from" : {
                    "object" : "label-1",
                    "edge" : "top"
                  },
                  "to" : {
                    "object" : "label-1",
                    "edge" : "bottom"
                  },
                  "expectedDistance" : "17px",
                  "realDistance" : "17px"
                } ],
                "highlight" : [ "label-1" ]
              } ]
            }, {
              "name" : "label-2",
              "specs" : [ {
                "status" : "info",
                "place" : {
                  "filePath" : "rezervacija.gspec",
                  "lineNumber" : 69
                },
                "name" : "right-of input-1 10px",
                "meta" : [ {
                  "from" : {
                    "object" : "label-2",
                    "edge" : "left"
                  },
                  "to" : {
                    "object" : "input-1",
                    "edge" : "right"
                  },
                  "expectedDistance" : "10px",
                  "realDistance" : "10px"
                } ],
                "highlight" : [ "label-2", "input-1" ]
              }, {
                "status" : "info",
                "place" : {
                  "filePath" : "rezervacija.gspec",
                  "lineNumber" : 70
                },
                "name" : "aligned horizontally top label-1 27px",
                "highlight" : [ "label-2", "label-1" ]
              }, {
                "status" : "info",
                "place" : {
                  "filePath" : "rezervacija.gspec",
                  "lineNumber" : 71
                },
                "name" : "aligned horizontally bottom label-3 98px",
                "highlight" : [ "label-2", "label-3" ]
              }, {
                "status" : "info",
                "place" : {
                  "filePath" : "rezervacija.gspec",
                  "lineNumber" : 72
                },
                "name" : "width 160px",
                "meta" : [ {
                  "from" : {
                    "object" : "label-2",
                    "edge" : "left"
                  },
                  "to" : {
                    "object" : "label-2",
                    "edge" : "right"
                  },
                  "expectedDistance" : "160px",
                  "realDistance" : "160px"
                } ],
                "highlight" : [ "label-2" ]
              }, {
                "status" : "info",
                "place" : {
                  "filePath" : "rezervacija.gspec",
                  "lineNumber" : 73
                },
                "name" : "height 17px",
                "meta" : [ {
                  "from" : {
                    "object" : "label-2",
                    "edge" : "top"
                  },
                  "to" : {
                    "object" : "label-2",
                    "edge" : "bottom"
                  },
                  "expectedDistance" : "17px",
                  "realDistance" : "17px"
                } ],
                "highlight" : [ "label-2" ]
              } ]
            }, {
              "name" : "label-3",
              "specs" : [ {
                "status" : "info",
                "place" : {
                  "filePath" : "rezervacija.gspec",
                  "lineNumber" : 76
                },
                "name" : "left-of input-2 14px",
                "meta" : [ {
                  "from" : {
                    "object" : "label-3",
                    "edge" : "right"
                  },
                  "to" : {
                    "object" : "input-2",
                    "edge" : "left"
                  },
                  "expectedDistance" : "14px",
                  "realDistance" : "14px"
                } ],
                "highlight" : [ "label-3", "input-2" ]
              }, {
                "status" : "info",
                "place" : {
                  "filePath" : "rezervacija.gspec",
                  "lineNumber" : 77
                },
                "name" : "aligned horizontally top label-4 28px",
                "highlight" : [ "label-3", "label-4" ]
              }, {
                "status" : "info",
                "place" : {
                  "filePath" : "rezervacija.gspec",
                  "lineNumber" : 78
                },
                "name" : "aligned horizontally bottom label-2 31px",
                "highlight" : [ "label-3", "label-2" ]
              }, {
                "status" : "info",
                "place" : {
                  "filePath" : "rezervacija.gspec",
                  "lineNumber" : 79
                },
                "name" : "width 60px",
                "meta" : [ {
                  "from" : {
                    "object" : "label-3",
                    "edge" : "left"
                  },
                  "to" : {
                    "object" : "label-3",
                    "edge" : "right"
                  },
                  "expectedDistance" : "60px",
                  "realDistance" : "60px"
                } ],
                "highlight" : [ "label-3" ]
              }, {
                "status" : "info",
                "place" : {
                  "filePath" : "rezervacija.gspec",
                  "lineNumber" : 80
                },
                "name" : "height 17px",
                "meta" : [ {
                  "from" : {
                    "object" : "label-3",
                    "edge" : "top"
                  },
                  "to" : {
                    "object" : "label-3",
                    "edge" : "bottom"
                  },
                  "expectedDistance" : "17px",
                  "realDistance" : "17px"
                } ],
                "highlight" : [ "label-3" ]
              } ]
            }, {
              "name" : "label-4",
              "specs" : [ {
                "status" : "info",
                "place" : {
                  "filePath" : "rezervacija.gspec",
                  "lineNumber" : 83
                },
                "name" : "left-of input-3 15px",
                "meta" : [ {
                  "from" : {
                    "object" : "label-4",
                    "edge" : "right"
                  },
                  "to" : {
                    "object" : "input-3",
                    "edge" : "left"
                  },
                  "expectedDistance" : "15px",
                  "realDistance" : "15px"
                } ],
                "highlight" : [ "label-4", "input-3" ]
              }, {
                "status" : "info",
                "place" : {
                  "filePath" : "rezervacija.gspec",
                  "lineNumber" : 84
                },
                "name" : "inside forma-1 12px bottom",
                "meta" : [ {
                  "from" : {
                    "object" : "label-4",
                    "edge" : "bottom"
                  },
                  "to" : {
                    "object" : "forma-1",
                    "edge" : "bottom"
                  },
                  "expectedDistance" : "12px",
                  "realDistance" : "12px"
                } ],
                "highlight" : [ "label-4", "forma-1" ]
              }, {
                "status" : "info",
                "place" : {
                  "filePath" : "rezervacija.gspec",
                  "lineNumber" : 85
                },
                "name" : "aligned horizontally top label-3 28px",
                "highlight" : [ "label-4", "label-3" ]
              }, {
                "status" : "info",
                "place" : {
                  "filePath" : "rezervacija.gspec",
                  "lineNumber" : 86
                },
                "name" : "width 60px",
                "meta" : [ {
                  "from" : {
                    "object" : "label-4",
                    "edge" : "left"
                  },
                  "to" : {
                    "object" : "label-4",
                    "edge" : "right"
                  },
                  "expectedDistance" : "60px",
                  "realDistance" : "60px"
                } ],
                "highlight" : [ "label-4" ]
              }, {
                "status" : "info",
                "place" : {
                  "filePath" : "rezervacija.gspec",
                  "lineNumber" : 87
                },
                "name" : "height 17px",
                "meta" : [ {
                  "from" : {
                    "object" : "label-4",
                    "edge" : "top"
                  },
                  "to" : {
                    "object" : "label-4",
                    "edge" : "bottom"
                  },
                  "expectedDistance" : "17px",
                  "realDistance" : "17px"
                } ],
                "highlight" : [ "label-4" ]
              } ]
            }, {
              "name" : "select",
              "specs" : [ {
                "status" : "info",
                "place" : {
                  "filePath" : "rezervacija.gspec",
                  "lineNumber" : 90
                },
                "name" : "right-of label-1 17px",
                "meta" : [ {
                  "from" : {
                    "object" : "select",
                    "edge" : "left"
                  },
                  "to" : {
                    "object" : "label-1",
                    "edge" : "right"
                  },
                  "expectedDistance" : "17px",
                  "realDistance" : "17px"
                } ],
                "highlight" : [ "select", "label-1" ]
              }, {
                "status" : "info",
                "place" : {
                  "filePath" : "rezervacija.gspec",
                  "lineNumber" : 91
                },
                "name" : "inside forma-1 5px top",
                "meta" : [ {
                  "from" : {
                    "object" : "select",
                    "edge" : "top"
                  },
                  "to" : {
                    "object" : "forma-1",
                    "edge" : "top"
                  },
                  "expectedDistance" : "5px",
                  "realDistance" : "5px"
                } ],
                "highlight" : [ "select", "forma-1" ]
              }, {
                "status" : "info",
                "place" : {
                  "filePath" : "rezervacija.gspec",
                  "lineNumber" : 92
                },
                "name" : "aligned horizontally bottom input-1 27px",
                "highlight" : [ "select", "input-1" ]
              }, {
                "status" : "info",
                "place" : {
                  "filePath" : "rezervacija.gspec",
                  "lineNumber" : 93
                },
                "name" : "width 180px",
                "meta" : [ {
                  "from" : {
                    "object" : "select",
                    "edge" : "left"
                  },
                  "to" : {
                    "object" : "select",
                    "edge" : "right"
                  },
                  "expectedDistance" : "180px",
                  "realDistance" : "180px"
                } ],
                "highlight" : [ "select" ]
              }, {
                "status" : "info",
                "place" : {
                  "filePath" : "rezervacija.gspec",
                  "lineNumber" : 94
                },
                "name" : "height 20px",
                "meta" : [ {
                  "from" : {
                    "object" : "select",
                    "edge" : "top"
                  },
                  "to" : {
                    "object" : "select",
                    "edge" : "bottom"
                  },
                  "expectedDistance" : "20px",
                  "realDistance" : "20px"
                } ],
                "highlight" : [ "select" ]
              } ]
            }, {
              "name" : "input-1",
              "specs" : [ {
                "status" : "info",
                "place" : {
                  "filePath" : "rezervacija.gspec",
                  "lineNumber" : 97
                },
                "name" : "left-of label-2 10px",
                "meta" : [ {
                  "from" : {
                    "object" : "input-1",
                    "edge" : "right"
                  },
                  "to" : {
                    "object" : "label-2",
                    "edge" : "left"
                  },
                  "expectedDistance" : "10px",
                  "realDistance" : "10px"
                } ],
                "highlight" : [ "input-1", "label-2" ]
              }, {
                "status" : "info",
                "place" : {
                  "filePath" : "rezervacija.gspec",
                  "lineNumber" : 98
                },
                "name" : "aligned horizontally top select 30px",
                "highlight" : [ "input-1", "select" ]
              }, {
                "status" : "info",
                "place" : {
                  "filePath" : "rezervacija.gspec",
                  "lineNumber" : 99
                },
                "name" : "aligned horizontally bottom input-2 98px",
                "highlight" : [ "input-1", "input-2" ]
              }, {
                "status" : "info",
                "place" : {
                  "filePath" : "rezervacija.gspec",
                  "lineNumber" : 100
                },
                "name" : "width 13px",
                "meta" : [ {
                  "from" : {
                    "object" : "input-1",
                    "edge" : "left"
                  },
                  "to" : {
                    "object" : "input-1",
                    "edge" : "right"
                  },
                  "expectedDistance" : "13px",
                  "realDistance" : "13px"
                } ],
                "highlight" : [ "input-1" ]
              }, {
                "status" : "info",
                "place" : {
                  "filePath" : "rezervacija.gspec",
                  "lineNumber" : 101
                },
                "name" : "height 13px",
                "meta" : [ {
                  "from" : {
                    "object" : "input-1",
                    "edge" : "top"
                  },
                  "to" : {
                    "object" : "input-1",
                    "edge" : "bottom"
                  },
                  "expectedDistance" : "13px",
                  "realDistance" : "13px"
                } ],
                "highlight" : [ "input-1" ]
              } ]
            }, {
              "name" : "input-2",
              "specs" : [ {
                "status" : "info",
                "place" : {
                  "filePath" : "rezervacija.gspec",
                  "lineNumber" : 104
                },
                "name" : "right-of label-3 14px",
                "meta" : [ {
                  "from" : {
                    "object" : "input-2",
                    "edge" : "left"
                  },
                  "to" : {
                    "object" : "label-3",
                    "edge" : "right"
                  },
                  "expectedDistance" : "14px",
                  "realDistance" : "14px"
                } ],
                "highlight" : [ "input-2", "label-3" ]
              }, {
                "status" : "info",
                "place" : {
                  "filePath" : "rezervacija.gspec",
                  "lineNumber" : 105
                },
                "name" : "aligned horizontally top input-1 28px",
                "highlight" : [ "input-2", "input-1" ]
              }, {
                "status" : "info",
                "place" : {
                  "filePath" : "rezervacija.gspec",
                  "lineNumber" : 106
                },
                "name" : "aligned horizontally bottom input-3 32px",
                "highlight" : [ "input-2", "input-3" ]
              }, {
                "status" : "info",
                "place" : {
                  "filePath" : "rezervacija.gspec",
                  "lineNumber" : 107
                },
                "name" : "width 186px",
                "meta" : [ {
                  "from" : {
                    "object" : "input-2",
                    "edge" : "left"
                  },
                  "to" : {
                    "object" : "input-2",
                    "edge" : "right"
                  },
                  "expectedDistance" : "186px",
                  "realDistance" : "186px"
                } ],
                "highlight" : [ "input-2" ]
              }, {
                "status" : "info",
                "place" : {
                  "filePath" : "rezervacija.gspec",
                  "lineNumber" : 108
                },
                "name" : "height 22px",
                "meta" : [ {
                  "from" : {
                    "object" : "input-2",
                    "edge" : "top"
                  },
                  "to" : {
                    "object" : "input-2",
                    "edge" : "bottom"
                  },
                  "expectedDistance" : "22px",
                  "realDistance" : "22px"
                } ],
                "highlight" : [ "input-2" ]
              } ]
            }, {
              "name" : "input-3",
              "specs" : [ {
                "status" : "info",
                "place" : {
                  "filePath" : "rezervacija.gspec",
                  "lineNumber" : 111
                },
                "name" : "right-of label-4 15px",
                "meta" : [ {
                  "from" : {
                    "object" : "input-3",
                    "edge" : "left"
                  },
                  "to" : {
                    "object" : "label-4",
                    "edge" : "right"
                  },
                  "expectedDistance" : "15px",
                  "realDistance" : "15px"
                } ],
                "highlight" : [ "input-3", "label-4" ]
              }, {
                "status" : "info",
                "place" : {
                  "filePath" : "rezervacija.gspec",
                  "lineNumber" : 112
                },
                "name" : "inside forma-1 7px bottom",
                "meta" : [ {
                  "from" : {
                    "object" : "input-3",
                    "edge" : "bottom"
                  },
                  "to" : {
                    "object" : "forma-1",
                    "edge" : "bottom"
                  },
                  "expectedDistance" : "7px",
                  "realDistance" : "7px"
                } ],
                "highlight" : [ "input-3", "forma-1" ]
              }, {
                "status" : "info",
                "place" : {
                  "filePath" : "rezervacija.gspec",
                  "lineNumber" : 113
                },
                "name" : "aligned horizontally top input-2 32px",
                "highlight" : [ "input-3", "input-2" ]
              }, {
                "status" : "info",
                "place" : {
                  "filePath" : "rezervacija.gspec",
                  "lineNumber" : 114
                },
                "name" : "width 186px",
                "meta" : [ {
                  "from" : {
                    "object" : "input-3",
                    "edge" : "left"
                  },
                  "to" : {
                    "object" : "input-3",
                    "edge" : "right"
                  },
                  "expectedDistance" : "186px",
                  "realDistance" : "186px"
                } ],
                "highlight" : [ "input-3" ]
              }, {
                "status" : "info",
                "place" : {
                  "filePath" : "rezervacija.gspec",
                  "lineNumber" : 115
                },
                "name" : "height 22px",
                "meta" : [ {
                  "from" : {
                    "object" : "input-3",
                    "edge" : "top"
                  },
                  "to" : {
                    "object" : "input-3",
                    "edge" : "bottom"
                  },
                  "expectedDistance" : "22px",
                  "realDistance" : "22px"
                } ],
                "highlight" : [ "input-3" ]
              } ]
            }, {
              "name" : "forma-2",
              "specs" : [ {
                "status" : "info",
                "place" : {
                  "filePath" : "rezervacija.gspec",
                  "lineNumber" : 118
                },
                "name" : "centered horizontally inside sadrzaj",
                "highlight" : [ "forma-2", "sadrzaj" ]
              }, {
                "status" : "info",
                "place" : {
                  "filePath" : "rezervacija.gspec",
                  "lineNumber" : 119
                },
                "name" : "inside sadrzaj 456px top, 15px bottom",
                "meta" : [ {
                  "from" : {
                    "object" : "forma-2",
                    "edge" : "top"
                  },
                  "to" : {
                    "object" : "sadrzaj",
                    "edge" : "top"
                  },
                  "expectedDistance" : "456px",
                  "realDistance" : "456px"
                }, {
                  "from" : {
                    "object" : "forma-2",
                    "edge" : "bottom"
                  },
                  "to" : {
                    "object" : "sadrzaj",
                    "edge" : "bottom"
                  },
                  "expectedDistance" : "15px",
                  "realDistance" : "15px"
                } ],
                "highlight" : [ "forma-2", "sadrzaj" ]
              }, {
                "status" : "info",
                "place" : {
                  "filePath" : "rezervacija.gspec",
                  "lineNumber" : 120
                },
                "name" : "contains button-1, button-2",
                "highlight" : [ "forma-2", "button-1", "button-2" ]
              } ]
            }, {
              "name" : "button-1",
              "specs" : [ {
                "status" : "info",
                "place" : {
                  "filePath" : "rezervacija.gspec",
                  "lineNumber" : 123
                },
                "name" : "left-of button-2 92px",
                "meta" : [ {
                  "from" : {
                    "object" : "button-1",
                    "edge" : "right"
                  },
                  "to" : {
                    "object" : "button-2",
                    "edge" : "left"
                  },
                  "expectedDistance" : "92px",
                  "realDistance" : "92px"
                } ],
                "highlight" : [ "button-1", "button-2" ]
              }, {
                "status" : "info",
                "place" : {
                  "filePath" : "rezervacija.gspec",
                  "lineNumber" : 124
                },
                "name" : "inside forma-2 0px top, 5px bottom",
                "meta" : [ {
                  "from" : {
                    "object" : "button-1",
                    "edge" : "top"
                  },
                  "to" : {
                    "object" : "forma-2",
                    "edge" : "top"
                  },
                  "expectedDistance" : "0px",
                  "realDistance" : "0px"
                }, {
                  "from" : {
                    "object" : "button-1",
                    "edge" : "bottom"
                  },
                  "to" : {
                    "object" : "forma-2",
                    "edge" : "bottom"
                  },
                  "expectedDistance" : "5px",
                  "realDistance" : "5px"
                } ],
                "highlight" : [ "button-1", "forma-2" ]
              }, {
                "status" : "info",
                "place" : {
                  "filePath" : "rezervacija.gspec",
                  "lineNumber" : 125
                },
                "name" : "width 100px",
                "meta" : [ {
                  "from" : {
                    "object" : "button-1",
                    "edge" : "left"
                  },
                  "to" : {
                    "object" : "button-1",
                    "edge" : "right"
                  },
                  "expectedDistance" : "100px",
                  "realDistance" : "100px"
                } ],
                "highlight" : [ "button-1" ]
              }, {
                "status" : "info",
                "place" : {
                  "filePath" : "rezervacija.gspec",
                  "lineNumber" : 126
                },
                "name" : "height 28px",
                "meta" : [ {
                  "from" : {
                    "object" : "button-1",
                    "edge" : "top"
                  },
                  "to" : {
                    "object" : "button-1",
                    "edge" : "bottom"
                  },
                  "expectedDistance" : "28px",
                  "realDistance" : "28px"
                } ],
                "highlight" : [ "button-1" ]
              } ]
            }, {
              "name" : "button-2",
              "specs" : [ {
                "status" : "info",
                "place" : {
                  "filePath" : "rezervacija.gspec",
                  "lineNumber" : 129
                },
                "name" : "right-of button-1 92px",
                "meta" : [ {
                  "from" : {
                    "object" : "button-2",
                    "edge" : "left"
                  },
                  "to" : {
                    "object" : "button-1",
                    "edge" : "right"
                  },
                  "expectedDistance" : "92px",
                  "realDistance" : "92px"
                } ],
                "highlight" : [ "button-2", "button-1" ]
              }, {
                "status" : "info",
                "place" : {
                  "filePath" : "rezervacija.gspec",
                  "lineNumber" : 130
                },
                "name" : "inside forma-2 0px top, 5px bottom",
                "meta" : [ {
                  "from" : {
                    "object" : "button-2",
                    "edge" : "top"
                  },
                  "to" : {
                    "object" : "forma-2",
                    "edge" : "top"
                  },
                  "expectedDistance" : "0px",
                  "realDistance" : "0px"
                }, {
                  "from" : {
                    "object" : "button-2",
                    "edge" : "bottom"
                  },
                  "to" : {
                    "object" : "forma-2",
                    "edge" : "bottom"
                  },
                  "expectedDistance" : "5px",
                  "realDistance" : "5px"
                } ],
                "highlight" : [ "button-2", "forma-2" ]
              }, {
                "status" : "info",
                "place" : {
                  "filePath" : "rezervacija.gspec",
                  "lineNumber" : 131
                },
                "name" : "width 100px",
                "meta" : [ {
                  "from" : {
                    "object" : "button-2",
                    "edge" : "left"
                  },
                  "to" : {
                    "object" : "button-2",
                    "edge" : "right"
                  },
                  "expectedDistance" : "100px",
                  "realDistance" : "100px"
                } ],
                "highlight" : [ "button-2" ]
              }, {
                "status" : "info",
                "place" : {
                  "filePath" : "rezervacija.gspec",
                  "lineNumber" : 132
                },
                "name" : "height 28px",
                "meta" : [ {
                  "from" : {
                    "object" : "button-2",
                    "edge" : "top"
                  },
                  "to" : {
                    "object" : "button-2",
                    "edge" : "bottom"
                  },
                  "expectedDistance" : "28px",
                  "realDistance" : "28px"
                } ],
                "highlight" : [ "button-2" ]
              } ]
            }, {
              "name" : "kalendar",
              "specs" : [ {
                "status" : "info",
                "place" : {
                  "filePath" : "rezervacija.gspec",
                  "lineNumber" : 135
                },
                "name" : "inside sadrzaj 171px top, 63px bottom, 350px right, 350px left",
                "meta" : [ {
                  "from" : {
                    "object" : "kalendar",
                    "edge" : "top"
                  },
                  "to" : {
                    "object" : "sadrzaj",
                    "edge" : "top"
                  },
                  "expectedDistance" : "171px",
                  "realDistance" : "171px"
                }, {
                  "from" : {
                    "object" : "kalendar",
                    "edge" : "bottom"
                  },
                  "to" : {
                    "object" : "sadrzaj",
                    "edge" : "bottom"
                  },
                  "expectedDistance" : "63px",
                  "realDistance" : "63px"
                }, {
                  "from" : {
                    "object" : "kalendar",
                    "edge" : "right"
                  },
                  "to" : {
                    "object" : "sadrzaj",
                    "edge" : "right"
                  },
                  "expectedDistance" : "350px",
                  "realDistance" : "350px"
                }, {
                  "from" : {
                    "object" : "kalendar",
                    "edge" : "left"
                  },
                  "to" : {
                    "object" : "sadrzaj",
                    "edge" : "left"
                  },
                  "expectedDistance" : "350px",
                  "realDistance" : "350px"
                } ],
                "highlight" : [ "kalendar", "sadrzaj" ]
              }, {
                "status" : "info",
                "place" : {
                  "filePath" : "rezervacija.gspec",
                  "lineNumber" : 136
                },
                "name" : "width 296px",
                "meta" : [ {
                  "from" : {
                    "object" : "kalendar",
                    "edge" : "left"
                  },
                  "to" : {
                    "object" : "kalendar",
                    "edge" : "right"
                  },
                  "expectedDistance" : "296px",
                  "realDistance" : "296px"
                } ],
                "highlight" : [ "kalendar" ]
              }, {
                "status" : "info",
                "place" : {
                  "filePath" : "rezervacija.gspec",
                  "lineNumber" : 137
                },
                "name" : "height 270px",
                "meta" : [ {
                  "from" : {
                    "object" : "kalendar",
                    "edge" : "top"
                  },
                  "to" : {
                    "object" : "kalendar",
                    "edge" : "bottom"
                  },
                  "expectedDistance" : "270px",
                  "realDistance" : "270px"
                } ],
                "highlight" : [ "kalendar" ]
              } ]
            } ]
          }, {
            "name" : "Main",
            "place" : {
              "filePath" : "rezervacija.gspec",
              "lineNumber" : 138
            },
            "objects" : [ {
              "name" : "global",
              "specs" : [ {
                "status" : "info",
                "place" : {
                  "filePath" : "rezervacija.gspec",
                  "lineNumber" : 140
                },
                "name" : "count any link-* is 5",
                "highlight" : [ "link-5", "link-3", "link-4", "link-1", "link-2" ]
              }, {
                "status" : "info",
                "place" : {
                  "filePath" : "rezervacija.gspec",
                  "lineNumber" : 141
                },
                "name" : "count any label-* is 4",
                "highlight" : [ "label-4", "label-3", "label-2", "label-1" ]
              }, {
                "status" : "info",
                "place" : {
                  "filePath" : "rezervacija.gspec",
                  "lineNumber" : 142
                },
                "name" : "count any input-* is 3",
                "highlight" : [ "input-3", "input-1", "input-2" ]
              }, {
                "status" : "info",
                "place" : {
                  "filePath" : "rezervacija.gspec",
                  "lineNumber" : 143
                },
                "name" : "count any button-* is 2",
                "highlight" : [ "button-2", "button-1" ]
              }, {
                "status" : "info",
                "place" : {
                  "filePath" : "rezervacija.gspec",
                  "lineNumber" : 144
                },
                "name" : "count any forma-* is 2",
                "highlight" : [ "forma-2", "forma-1" ]
              } ]
            } ]
          } ],
          "objects" : {
            "meni" : {
              "area" : [ 8, 40, 996, 84 ]
            },
            "label-4" : {
              "area" : [ 373, 246, 60, 17 ]
            },
            "slika" : {
              "area" : [ 466, 1, 79, 80 ]
            },
            "label-3" : {
              "area" : [ 373, 218, 60, 17 ]
            },
            "label-2" : {
              "area" : [ 478, 187, 160, 17 ]
            },
            "button-2" : {
              "area" : [ 552, 590, 100, 28 ]
            },
            "label-1" : {
              "area" : [ 373, 160, 60, 17 ]
            },
            "select" : {
              "area" : [ 450, 160, 180, 20 ]
            },
            "button-1" : {
              "area" : [ 360, 590, 100, 28 ]
            },
            "link-5" : {
              "area" : [ 324, 96, 45, 17 ]
            },
            "link-3" : {
              "area" : [ 161, 96, 36, 17 ]
            },
            "link-4" : {
              "area" : [ 221, 96, 79, 17 ]
            },
            "input-1" : {
              "area" : [ 455, 190, 13, 13 ]
            },
            "input-2" : {
              "area" : [ 447, 214, 186, 22 ]
            },
            "sadrzaj" : {
              "area" : [ 8, 134, 996, 504 ]
            },
            "input-3" : {
              "area" : [ 448, 246, 186, 22 ]
            },
            "lista_linkova" : {
              "area" : [ 9, 86, 994, 37 ]
            },
            "link-1" : {
              "area" : [ 29, 96, 55, 17 ]
            },
            "logo" : {
              "area" : [ 466, 1, 79, 80 ]
            },
            "link-2" : {
              "area" : [ 108, 96, 29, 17 ]
            },
            "forma-2" : {
              "area" : [ 360, 590, 292, 33 ]
            },
            "kalendar" : {
              "area" : [ 358, 305, 296, 270 ]
            },
            "forma-1" : {
              "area" : [ 363, 155, 285, 120 ]
            }
          },
          "screenshot" : "layout-1-screenshot.png",
          "type" : "layout"
        } ],
        "time" : 1573512393855,
        "type" : "node"
      } ],
      "time" : 1573512374285,
      "type" : "node"
    } ]
  }
}