{
  "periodicnaZauzeca": [
    {
      "dan": 0,
      "semestar": "zimski",
      "pocetak": "10:45",
      "kraj": "11:15",
      "naziv": "0-02",
      "predavac": "prof. Miroslav"
    },
    {
      "dan": 4,
      "semestar": "zimski",
      "pocetak": "12:00",
      "kraj": "15:00",
      "naziv": "0-04",
      "predavac": "prof. Miroslav"
    },
    {
      "dan": 3,
      "semestar": "zimski",
      "pocetak": "10:23",
      "kraj": "11:15",
      "naziv": "0-01",
      "predavac": "prof. Miroslav"
    }
  ],
  "vanrednaZauzeca": [
    {
      "datum": "06.10.2019",
      "pocetak": "10:35",
      "kraj": "11:15",
      "naziv": "0-01",
      "predavac": "prof. Zeljko Juric"
    },
    {
      "datum": "27.11.2019",
      "pocetak": "09:35",
      "kraj": "12:15",
      "naziv": "0-02",
      "predavac": "prof. Novica Nosovic"
    },
    {
      "datum": "23.12.2019",
      "pocetak": "10:35",
      "kraj": "11:15",
      "naziv": "0-01",
      "predavac": "prof. Miroslav Krleza"
    },
    {
      "datum": "01.1.2020",
      "pocetak": "07:00",
      "kraj": "",
      "naziv": "0-02",
      "predavac": "sdf"
    },
    {
      "datum": "02.1.2020",
      "pocetak": "07:00",
      "kraj": "",
      "naziv": "0-01",
      "predavac": "sdf"
    }
  ]
}