{
  "testId" : "1-mobilesale.gspec",
  "name" : "mobileSale.gspec",
  "report" : {
    "nodes" : [ {
      "name" : "Mutation test",
      "status" : "info",
      "nodes" : [ {
        "name" : "check  mobileSale.gspec --url http://localhost/sale.html --size 400x768 --htmlreport izvjestajMobileSale",
        "status" : "info",
        "nodes" : [ {
          "name" : "Check layout: mobileSale.gspec included tags: ",
          "status" : "info",
          "time" : 1573656488303,
          "sections" : [ {
            "name" : "Meni section",
            "place" : {
              "filePath" : "mobileSale.gspec",
              "lineNumber" : 22
            },
            "objects" : [ {
              "name" : "logo_slika",
              "specs" : [ {
                "status" : "info",
                "place" : {
                  "filePath" : "mobileSale.gspec",
                  "lineNumber" : 24
                },
                "name" : "height ~ 100px",
                "meta" : [ {
                  "from" : {
                    "object" : "logo_slika",
                    "edge" : "top"
                  },
                  "to" : {
                    "object" : "logo_slika",
                    "edge" : "bottom"
                  },
                  "expectedDistance" : "98 to 102px",
                  "realDistance" : "102px"
                } ],
                "highlight" : [ "logo_slika" ]
              }, {
                "status" : "info",
                "place" : {
                  "filePath" : "mobileSale.gspec",
                  "lineNumber" : 25
                },
                "name" : "inside logo",
                "meta" : [ ],
                "highlight" : [ "logo_slika", "logo" ]
              }, {
                "status" : "info",
                "place" : {
                  "filePath" : "mobileSale.gspec",
                  "lineNumber" : 26
                },
                "name" : "css border-color is \"rgb(0, 0, 139)\"",
                "highlight" : [ "logo_slika" ]
              } ]
            }, {
              "name" : "logo",
              "specs" : [ {
                "status" : "info",
                "place" : {
                  "filePath" : "mobileSale.gspec",
                  "lineNumber" : 29
                },
                "name" : "width 100px",
                "meta" : [ {
                  "from" : {
                    "object" : "logo",
                    "edge" : "left"
                  },
                  "to" : {
                    "object" : "logo",
                    "edge" : "right"
                  },
                  "expectedDistance" : "100px",
                  "realDistance" : "100px"
                } ],
                "highlight" : [ "logo" ]
              }, {
                "status" : "info",
                "place" : {
                  "filePath" : "mobileSale.gspec",
                  "lineNumber" : 30
                },
                "name" : "centered horizontally inside body",
                "highlight" : [ "logo", "body" ]
              } ]
            }, {
              "name" : "body",
              "specs" : [ {
                "status" : "info",
                "place" : {
                  "filePath" : "mobileSale.gspec",
                  "lineNumber" : 33
                },
                "name" : "width ~90% of screen/width",
                "meta" : [ {
                  "from" : {
                    "object" : "body",
                    "edge" : "left"
                  },
                  "to" : {
                    "object" : "body",
                    "edge" : "right"
                  },
                  "expectedDistance" : "88 to 92% [440 to 460px]",
                  "realDistance" : "90% [450px]"
                } ],
                "highlight" : [ "body" ]
              }, {
                "status" : "info",
                "place" : {
                  "filePath" : "mobileSale.gspec",
                  "lineNumber" : 34
                },
                "name" : "css font-family starts \"sans-serif\"",
                "highlight" : [ "body" ]
              } ]
            }, {
              "name" : "meni",
              "specs" : [ {
                "status" : "info",
                "place" : {
                  "filePath" : "mobileSale.gspec",
                  "lineNumber" : 37
                },
                "name" : "contains partly logo",
                "highlight" : [ "meni", "logo" ]
              }, {
                "status" : "info",
                "place" : {
                  "filePath" : "mobileSale.gspec",
                  "lineNumber" : 38
                },
                "name" : "css padding-top is \"60px\"",
                "highlight" : [ "meni" ]
              }, {
                "status" : "info",
                "place" : {
                  "filePath" : "mobileSale.gspec",
                  "lineNumber" : 39
                },
                "name" : "css background-color is \"rgba(92, 153, 202, 1)\"",
                "highlight" : [ "meni" ]
              } ]
            }, {
              "name" : "lista_menija",
              "specs" : [ {
                "status" : "info",
                "place" : {
                  "filePath" : "mobileSale.gspec",
                  "lineNumber" : 42
                },
                "name" : "css padding-top is \"0px\"",
                "highlight" : [ "lista_menija" ]
              }, {
                "status" : "info",
                "place" : {
                  "filePath" : "mobileSale.gspec",
                  "lineNumber" : 43
                },
                "name" : "css text-align is \"center\"",
                "highlight" : [ "lista_menija" ]
              }, {
                "status" : "info",
                "place" : {
                  "filePath" : "mobileSale.gspec",
                  "lineNumber" : 44
                },
                "name" : "css padding-bottom is \"10px\"",
                "highlight" : [ "lista_menija" ]
              } ]
            }, {
              "name" : "stavka_menija-1",
              "specs" : [ {
                "status" : "info",
                "place" : {
                  "filePath" : "mobileSale.gspec",
                  "lineNumber" : 47
                },
                "name" : "below logo",
                "meta" : [ {
                  "from" : {
                    "object" : "stavka_menija-1",
                    "edge" : "top"
                  },
                  "to" : {
                    "object" : "logo",
                    "edge" : "bottom"
                  },
                  "expectedDistance" : ">= 0px",
                  "realDistance" : "23px"
                } ],
                "highlight" : [ "stavka_menija-1", "logo" ]
              }, {
                "status" : "info",
                "place" : {
                  "filePath" : "mobileSale.gspec",
                  "lineNumber" : 48
                },
                "name" : "above sadrzaj",
                "meta" : [ {
                  "from" : {
                    "object" : "stavka_menija-1",
                    "edge" : "bottom"
                  },
                  "to" : {
                    "object" : "sadrzaj",
                    "edge" : "top"
                  },
                  "expectedDistance" : ">= 0px",
                  "realDistance" : "88px"
                } ],
                "highlight" : [ "stavka_menija-1", "sadrzaj" ]
              }, {
                "status" : "info",
                "place" : {
                  "filePath" : "mobileSale.gspec",
                  "lineNumber" : 49
                },
                "name" : "css display is \"inline\"",
                "highlight" : [ "stavka_menija-1" ]
              }, {
                "status" : "info",
                "place" : {
                  "filePath" : "mobileSale.gspec",
                  "lineNumber" : 56
                },
                "name" : "text is \"Po�?etna\"",
                "highlight" : [ "stavka_menija-1" ]
              }, {
                "status" : "info",
                "place" : {
                  "filePath" : "mobileSale.gspec",
                  "lineNumber" : 57
                },
                "name" : "above stavka_menija-2",
                "meta" : [ {
                  "from" : {
                    "object" : "stavka_menija-1",
                    "edge" : "bottom"
                  },
                  "to" : {
                    "object" : "stavka_menija-2",
                    "edge" : "top"
                  },
                  "expectedDistance" : ">= 0px",
                  "realDistance" : "0px"
                } ],
                "highlight" : [ "stavka_menija-1", "stavka_menija-2" ]
              } ]
            }, {
              "name" : "stavka_menija-2",
              "specs" : [ {
                "status" : "info",
                "place" : {
                  "filePath" : "mobileSale.gspec",
                  "lineNumber" : 47
                },
                "name" : "below logo",
                "meta" : [ {
                  "from" : {
                    "object" : "stavka_menija-2",
                    "edge" : "top"
                  },
                  "to" : {
                    "object" : "logo",
                    "edge" : "bottom"
                  },
                  "expectedDistance" : ">= 0px",
                  "realDistance" : "41px"
                } ],
                "highlight" : [ "stavka_menija-2", "logo" ]
              }, {
                "status" : "info",
                "place" : {
                  "filePath" : "mobileSale.gspec",
                  "lineNumber" : 48
                },
                "name" : "above sadrzaj",
                "meta" : [ {
                  "from" : {
                    "object" : "stavka_menija-2",
                    "edge" : "bottom"
                  },
                  "to" : {
                    "object" : "sadrzaj",
                    "edge" : "top"
                  },
                  "expectedDistance" : ">= 0px",
                  "realDistance" : "70px"
                } ],
                "highlight" : [ "stavka_menija-2", "sadrzaj" ]
              }, {
                "status" : "info",
                "place" : {
                  "filePath" : "mobileSale.gspec",
                  "lineNumber" : 49
                },
                "name" : "css display is \"inline\"",
                "highlight" : [ "stavka_menija-2" ]
              }, {
                "status" : "info",
                "place" : {
                  "filePath" : "mobileSale.gspec",
                  "lineNumber" : 60
                },
                "name" : "text is \"Sale\"",
                "highlight" : [ "stavka_menija-2" ]
              }, {
                "status" : "info",
                "place" : {
                  "filePath" : "mobileSale.gspec",
                  "lineNumber" : 61
                },
                "name" : "above stavka_menija-3",
                "meta" : [ {
                  "from" : {
                    "object" : "stavka_menija-2",
                    "edge" : "bottom"
                  },
                  "to" : {
                    "object" : "stavka_menija-3",
                    "edge" : "top"
                  },
                  "expectedDistance" : ">= 0px",
                  "realDistance" : "0px"
                } ],
                "highlight" : [ "stavka_menija-2", "stavka_menija-3" ]
              } ]
            }, {
              "name" : "stavka_menija-3",
              "specs" : [ {
                "status" : "info",
                "place" : {
                  "filePath" : "mobileSale.gspec",
                  "lineNumber" : 47
                },
                "name" : "below logo",
                "meta" : [ {
                  "from" : {
                    "object" : "stavka_menija-3",
                    "edge" : "top"
                  },
                  "to" : {
                    "object" : "logo",
                    "edge" : "bottom"
                  },
                  "expectedDistance" : ">= 0px",
                  "realDistance" : "59px"
                } ],
                "highlight" : [ "stavka_menija-3", "logo" ]
              }, {
                "status" : "info",
                "place" : {
                  "filePath" : "mobileSale.gspec",
                  "lineNumber" : 48
                },
                "name" : "above sadrzaj",
                "meta" : [ {
                  "from" : {
                    "object" : "stavka_menija-3",
                    "edge" : "bottom"
                  },
                  "to" : {
                    "object" : "sadrzaj",
                    "edge" : "top"
                  },
                  "expectedDistance" : ">= 0px",
                  "realDistance" : "52px"
                } ],
                "highlight" : [ "stavka_menija-3", "sadrzaj" ]
              }, {
                "status" : "info",
                "place" : {
                  "filePath" : "mobileSale.gspec",
                  "lineNumber" : 49
                },
                "name" : "css display is \"inline\"",
                "highlight" : [ "stavka_menija-3" ]
              }, {
                "status" : "info",
                "place" : {
                  "filePath" : "mobileSale.gspec",
                  "lineNumber" : 53
                },
                "name" : "text is \"Unos\"",
                "highlight" : [ "stavka_menija-3" ]
              } ]
            }, {
              "name" : "stavka_menija-4",
              "specs" : [ {
                "status" : "info",
                "place" : {
                  "filePath" : "mobileSale.gspec",
                  "lineNumber" : 47
                },
                "name" : "below logo",
                "meta" : [ {
                  "from" : {
                    "object" : "stavka_menija-4",
                    "edge" : "top"
                  },
                  "to" : {
                    "object" : "logo",
                    "edge" : "bottom"
                  },
                  "expectedDistance" : ">= 0px",
                  "realDistance" : "78px"
                } ],
                "highlight" : [ "stavka_menija-4", "logo" ]
              }, {
                "status" : "info",
                "place" : {
                  "filePath" : "mobileSale.gspec",
                  "lineNumber" : 48
                },
                "name" : "above sadrzaj",
                "meta" : [ {
                  "from" : {
                    "object" : "stavka_menija-4",
                    "edge" : "bottom"
                  },
                  "to" : {
                    "object" : "sadrzaj",
                    "edge" : "top"
                  },
                  "expectedDistance" : ">= 0px",
                  "realDistance" : "33px"
                } ],
                "highlight" : [ "stavka_menija-4", "sadrzaj" ]
              }, {
                "status" : "info",
                "place" : {
                  "filePath" : "mobileSale.gspec",
                  "lineNumber" : 49
                },
                "name" : "css display is \"inline\"",
                "highlight" : [ "stavka_menija-4" ]
              }, {
                "status" : "info",
                "place" : {
                  "filePath" : "mobileSale.gspec",
                  "lineNumber" : 64
                },
                "name" : "text is \"Rezervacije\"",
                "highlight" : [ "stavka_menija-4" ]
              }, {
                "status" : "info",
                "place" : {
                  "filePath" : "mobileSale.gspec",
                  "lineNumber" : 65
                },
                "name" : "below stavka_menija-3",
                "meta" : [ {
                  "from" : {
                    "object" : "stavka_menija-4",
                    "edge" : "top"
                  },
                  "to" : {
                    "object" : "stavka_menija-3",
                    "edge" : "bottom"
                  },
                  "expectedDistance" : ">= 0px",
                  "realDistance" : "1px"
                } ],
                "highlight" : [ "stavka_menija-4", "stavka_menija-3" ]
              } ]
            } ]
          }, {
            "name" : "Main section",
            "place" : {
              "filePath" : "mobileSale.gspec",
              "lineNumber" : 67
            },
            "objects" : [ {
              "name" : "global",
              "specs" : [ {
                "status" : "info",
                "place" : {
                  "filePath" : "mobileSale.gspec",
                  "lineNumber" : 70
                },
                "name" : "count any sve_sale-* is 45",
                "highlight" : [ "sve_sale-29", "sve_sale-22", "sve_sale-44", "sve_sale-21", "sve_sale-43", "sve_sale-24", "sve_sale-23", "sve_sale-45", "sve_sale-26", "sve_sale-25", "sve_sale-28", "sve_sale-27", "sve_sale-40", "sve_sale-20", "sve_sale-42", "sve_sale-41", "sve_sale-9", "sve_sale-19", "sve_sale-18", "sve_sale-11", "sve_sale-33", "sve_sale-10", "sve_sale-32", "sve_sale-13", "sve_sale-35", "sve_sale-12", "sve_sale-34", "sve_sale-15", "sve_sale-37", "sve_sale-14", "sve_sale-36", "sve_sale-17", "sve_sale-39", "sve_sale-16", "sve_sale-38", "sve_sale-7", "sve_sale-8", "sve_sale-5", "sve_sale-6", "sve_sale-3", "sve_sale-4", "sve_sale-1", "sve_sale-31", "sve_sale-2", "sve_sale-30" ]
              }, {
                "status" : "info",
                "place" : {
                  "filePath" : "mobileSale.gspec",
                  "lineNumber" : 71
                },
                "name" : "count any sve_slobodne-* is 2",
                "highlight" : [ "sve_slobodne-2", "sve_slobodne-1" ]
              }, {
                "status" : "info",
                "place" : {
                  "filePath" : "mobileSale.gspec",
                  "lineNumber" : 72
                },
                "name" : "count any sve_zauzete-* is 2",
                "highlight" : [ "sve_zauzete-2", "sve_zauzete-1" ]
              }, {
                "status" : "info",
                "place" : {
                  "filePath" : "mobileSale.gspec",
                  "lineNumber" : 73
                },
                "name" : "count any sve_kancelarije-* is 2",
                "highlight" : [ "sve_kancelarije-2", "sve_kancelarije-1" ]
              } ]
            }, {
              "name" : "sadrzaj",
              "specs" : [ {
                "status" : "info",
                "place" : {
                  "filePath" : "mobileSale.gspec",
                  "lineNumber" : 76
                },
                "name" : "contains tabela",
                "highlight" : [ "sadrzaj", "tabela" ]
              } ]
            }, {
              "name" : "tabela",
              "specs" : [ {
                "status" : "info",
                "place" : {
                  "filePath" : "mobileSale.gspec",
                  "lineNumber" : 79
                },
                "name" : "width 200px",
                "meta" : [ {
                  "from" : {
                    "object" : "tabela",
                    "edge" : "left"
                  },
                  "to" : {
                    "object" : "tabela",
                    "edge" : "right"
                  },
                  "expectedDistance" : "200px",
                  "realDistance" : "200px"
                } ],
                "highlight" : [ "tabela" ]
              } ]
            }, {
              "name" : "sprat",
              "specs" : [ {
                "status" : "info",
                "place" : {
                  "filePath" : "mobileSale.gspec",
                  "lineNumber" : 82
                },
                "name" : "absent",
                "highlight" : [ ]
              } ]
            }, {
              "name" : "redni",
              "specs" : [ {
                "status" : "info",
                "place" : {
                  "filePath" : "mobileSale.gspec",
                  "lineNumber" : 85
                },
                "name" : "absent",
                "highlight" : [ ]
              } ]
            }, {
              "name" : "sale",
              "specs" : [ {
                "status" : "info",
                "place" : {
                  "filePath" : "mobileSale.gspec",
                  "lineNumber" : 88
                },
                "name" : "css background-color is \"rgba(255, 255, 255, 1)\"",
                "highlight" : [ "sale" ]
              }, {
                "status" : "info",
                "place" : {
                  "filePath" : "mobileSale.gspec",
                  "lineNumber" : 89
                },
                "name" : "inside tabela",
                "meta" : [ ],
                "highlight" : [ "sale", "tabela" ]
              }, {
                "status" : "info",
                "place" : {
                  "filePath" : "mobileSale.gspec",
                  "lineNumber" : 90
                },
                "name" : "width ~ 40px",
                "meta" : [ {
                  "from" : {
                    "object" : "sale",
                    "edge" : "left"
                  },
                  "to" : {
                    "object" : "sale",
                    "edge" : "right"
                  },
                  "expectedDistance" : "38 to 42px",
                  "realDistance" : "41px"
                } ],
                "highlight" : [ "sale" ]
              }, {
                "status" : "info",
                "place" : {
                  "filePath" : "mobileSale.gspec",
                  "lineNumber" : 91
                },
                "name" : "height ~ 25px",
                "meta" : [ {
                  "from" : {
                    "object" : "sale",
                    "edge" : "top"
                  },
                  "to" : {
                    "object" : "sale",
                    "edge" : "bottom"
                  },
                  "expectedDistance" : "23 to 27px",
                  "realDistance" : "26px"
                } ],
                "highlight" : [ "sale" ]
              } ]
            }, {
              "name" : "zauzeta",
              "specs" : [ {
                "status" : "info",
                "place" : {
                  "filePath" : "mobileSale.gspec",
                  "lineNumber" : 94
                },
                "name" : "css background-color is \"rgba(255, 69, 0, 1)\"",
                "highlight" : [ "zauzeta" ]
              } ]
            }, {
              "name" : "slobodna",
              "specs" : [ {
                "status" : "info",
                "place" : {
                  "filePath" : "mobileSale.gspec",
                  "lineNumber" : 97
                },
                "name" : "css background-color is \"rgba(87, 218, 87, 1)\"",
                "highlight" : [ "slobodna" ]
              } ]
            }, {
              "name" : "kancelarija",
              "specs" : [ {
                "status" : "info",
                "place" : {
                  "filePath" : "mobileSale.gspec",
                  "lineNumber" : 100
                },
                "name" : "css background-color is \"rgba(100, 133, 167, 1)\"",
                "highlight" : [ "kancelarija" ]
              } ]
            } ]
          } ],
          "objects" : {
            "sve_sale-29" : {
              "area" : [ 269, 440, 38, 26 ]
            },
            "body" : {
              "area" : [ 25, 0, 450, 566 ]
            },
            "sve_sale-22" : {
              "area" : [ 190, 415, 41, 26 ]
            },
            "sve_sale-21" : {
              "area" : [ 150, 415, 41, 26 ]
            },
            "sve_sale-24" : {
              "area" : [ 269, 415, 38, 26 ]
            },
            "tabela" : {
              "area" : [ 150, 311, 200, 233 ]
            },
            "sve_sale-23" : {
              "area" : [ 231, 415, 38, 26 ]
            },
            "sve_sale-26" : {
              "area" : [ 150, 440, 41, 26 ]
            },
            "sve_sale-25" : {
              "area" : [ 306, 415, 43, 26 ]
            },
            "sve_sale-28" : {
              "area" : [ 231, 440, 38, 26 ]
            },
            "sve_sale-27" : {
              "area" : [ 190, 440, 41, 26 ]
            },
            "logo" : {
              "area" : [ 200, 53, 100, 106 ]
            },
            "sve_sale-20" : {
              "area" : [ 306, 389, 43, 26 ]
            },
            "sve_sale-9" : {
              "area" : [ 269, 338, 38, 26 ]
            },
            "sve_sale-19" : {
              "area" : [ 269, 389, 38, 26 ]
            },
            "sve_sale-18" : {
              "area" : [ 231, 389, 38, 26 ]
            },
            "sve_sale-11" : {
              "area" : [ 150, 363, 41, 26 ]
            },
            "sve_sale-10" : {
              "area" : [ 306, 338, 43, 26 ]
            },
            "sve_sale-13" : {
              "area" : [ 231, 363, 38, 26 ]
            },
            "sve_sale-12" : {
              "area" : [ 190, 363, 41, 26 ]
            },
            "sve_sale-15" : {
              "area" : [ 306, 363, 43, 26 ]
            },
            "sve_sale-14" : {
              "area" : [ 269, 363, 38, 26 ]
            },
            "sve_sale-17" : {
              "area" : [ 190, 389, 41, 26 ]
            },
            "sve_sale-16" : {
              "area" : [ 150, 389, 41, 26 ]
            },
            "sve_sale-7" : {
              "area" : [ 190, 338, 41, 26 ]
            },
            "sve_sale-8" : {
              "area" : [ 231, 338, 38, 26 ]
            },
            "sve_sale-5" : {
              "area" : [ 306, 312, 43, 26 ]
            },
            "sve_sale-6" : {
              "area" : [ 150, 338, 41, 26 ]
            },
            "sve_sale-3" : {
              "area" : [ 231, 312, 38, 26 ]
            },
            "sve_sale-4" : {
              "area" : [ 269, 312, 38, 26 ]
            },
            "sve_sale-1" : {
              "area" : [ 150, 312, 41, 26 ]
            },
            "sve_sale-2" : {
              "area" : [ 190, 312, 41, 26 ]
            },
            "lista_menija" : {
              "area" : [ 25, 182, 450, 102 ]
            },
            "sve_zauzete-2" : {
              "area" : [ 150, 440, 41, 26 ]
            },
            "sve_zauzete-1" : {
              "area" : [ 306, 338, 43, 26 ]
            },
            "logo_slika" : {
              "area" : [ 200, 53, 102, 102 ]
            },
            "sve_kancelarije-2" : {
              "area" : [ 190, 517, 41, 26 ]
            },
            "sve_kancelarije-1" : {
              "area" : [ 190, 491, 41, 26 ]
            },
            "kancelarija" : {
              "area" : [ 190, 491, 41, 26 ]
            },
            "sve_sale-44" : {
              "area" : [ 269, 517, 38, 26 ]
            },
            "sve_sale-43" : {
              "area" : [ 231, 517, 38, 26 ]
            },
            "sve_sale-45" : {
              "area" : [ 306, 517, 43, 26 ]
            },
            "sve_sale-40" : {
              "area" : [ 306, 491, 43, 26 ]
            },
            "sve_sale-42" : {
              "area" : [ 190, 517, 41, 26 ]
            },
            "sve_sale-41" : {
              "area" : [ 150, 517, 41, 26 ]
            },
            "meni" : {
              "area" : [ 25, 106, 450, 178 ]
            },
            "sve_slobodne-2" : {
              "area" : [ 190, 363, 41, 26 ]
            },
            "sve_slobodne-1" : {
              "area" : [ 306, 312, 43, 26 ]
            },
            "stavka_menija-3" : {
              "area" : [ 220, 218, 38, 18 ]
            },
            "stavka_menija-2" : {
              "area" : [ 222, 200, 32, 18 ]
            },
            "stavka_menija-1" : {
              "area" : [ 209, 182, 58, 18 ]
            },
            "sadrzaj" : {
              "area" : [ 25, 288, 450, 278 ]
            },
            "zauzeta" : {
              "area" : [ 306, 338, 43, 26 ]
            },
            "stavka_menija-4" : {
              "area" : [ 196, 237, 84, 18 ]
            },
            "sve_sale-33" : {
              "area" : [ 231, 466, 38, 26 ]
            },
            "sve_sale-32" : {
              "area" : [ 190, 466, 41, 26 ]
            },
            "sve_sale-35" : {
              "area" : [ 306, 466, 43, 26 ]
            },
            "sale" : {
              "area" : [ 150, 312, 41, 26 ]
            },
            "sve_sale-34" : {
              "area" : [ 269, 466, 38, 26 ]
            },
            "sve_sale-37" : {
              "area" : [ 190, 491, 41, 26 ]
            },
            "sve_sale-36" : {
              "area" : [ 150, 491, 41, 26 ]
            },
            "sve_sale-39" : {
              "area" : [ 269, 491, 38, 26 ]
            },
            "sve_sale-38" : {
              "area" : [ 231, 491, 38, 26 ]
            },
            "sve_sale-31" : {
              "area" : [ 150, 466, 41, 26 ]
            },
            "sve_sale-30" : {
              "area" : [ 306, 440, 43, 26 ]
            },
            "slobodna" : {
              "area" : [ 306, 312, 43, 26 ]
            }
          },
          "screenshot" : "layout-1-screenshot.png",
          "type" : "layout"
        }, {
          "name" : "Mutation testing: mobileSale.gspec included tags: ",
          "status" : "info",
          "time" : 1573656488303,
          "mutationReport" : {
            "objectMutationStatistics" : {
              "screen" : {
                "passed" : 10,
                "failed" : 0,
                "failedMutations" : [ ]
              },
              "sve_sale-29" : {
                "passed" : 10,
                "failed" : 0,
                "failedMutations" : [ ]
              },
              "body" : {
                "passed" : 10,
                "failed" : 0,
                "failedMutations" : [ ]
              },
              "sve_sale-22" : {
                "passed" : 10,
                "failed" : 0,
                "failedMutations" : [ ]
              },
              "sve_sale-21" : {
                "passed" : 10,
                "failed" : 0,
                "failedMutations" : [ ]
              },
              "sve_sale-24" : {
                "passed" : 10,
                "failed" : 0,
                "failedMutations" : [ ]
              },
              "tabela" : {
                "passed" : 10,
                "failed" : 0,
                "failedMutations" : [ ]
              },
              "sve_sale-23" : {
                "passed" : 10,
                "failed" : 0,
                "failedMutations" : [ ]
              },
              "sve_sale-26" : {
                "passed" : 10,
                "failed" : 0,
                "failedMutations" : [ ]
              },
              "sve_sale-25" : {
                "passed" : 10,
                "failed" : 0,
                "failedMutations" : [ ]
              },
              "sve_sale-28" : {
                "passed" : 10,
                "failed" : 0,
                "failedMutations" : [ ]
              },
              "sve_sale-27" : {
                "passed" : 10,
                "failed" : 0,
                "failedMutations" : [ ]
              },
              "logo" : {
                "passed" : 10,
                "failed" : 0,
                "failedMutations" : [ ]
              },
              "sve_sale-20" : {
                "passed" : 10,
                "failed" : 0,
                "failedMutations" : [ ]
              },
              "sprat" : {
                "passed" : 10,
                "failed" : 0,
                "failedMutations" : [ ]
              },
              "sve_sale-9" : {
                "passed" : 10,
                "failed" : 0,
                "failedMutations" : [ ]
              },
              "sve_sale-19" : {
                "passed" : 10,
                "failed" : 0,
                "failedMutations" : [ ]
              },
              "sve_sale-18" : {
                "passed" : 10,
                "failed" : 0,
                "failedMutations" : [ ]
              },
              "sve_sale-11" : {
                "passed" : 10,
                "failed" : 0,
                "failedMutations" : [ ]
              },
              "sve_sale-10" : {
                "passed" : 10,
                "failed" : 0,
                "failedMutations" : [ ]
              },
              "sve_sale-13" : {
                "passed" : 10,
                "failed" : 0,
                "failedMutations" : [ ]
              },
              "sve_sale-12" : {
                "passed" : 10,
                "failed" : 0,
                "failedMutations" : [ ]
              },
              "sve_sale-15" : {
                "passed" : 10,
                "failed" : 0,
                "failedMutations" : [ ]
              },
              "sve_sale-14" : {
                "passed" : 10,
                "failed" : 0,
                "failedMutations" : [ ]
              },
              "sve_sale-17" : {
                "passed" : 10,
                "failed" : 0,
                "failedMutations" : [ ]
              },
              "sve_sale-16" : {
                "passed" : 10,
                "failed" : 0,
                "failedMutations" : [ ]
              },
              "sve_sale-7" : {
                "passed" : 10,
                "failed" : 0,
                "failedMutations" : [ ]
              },
              "sve_sale-8" : {
                "passed" : 10,
                "failed" : 0,
                "failedMutations" : [ ]
              },
              "sve_sale-5" : {
                "passed" : 10,
                "failed" : 0,
                "failedMutations" : [ ]
              },
              "sve_sale-6" : {
                "passed" : 10,
                "failed" : 0,
                "failedMutations" : [ ]
              },
              "sve_sale-3" : {
                "passed" : 10,
                "failed" : 0,
                "failedMutations" : [ ]
              },
              "sve_sale-4" : {
                "passed" : 10,
                "failed" : 0,
                "failedMutations" : [ ]
              },
              "sve_sale-1" : {
                "passed" : 10,
                "failed" : 0,
                "failedMutations" : [ ]
              },
              "sve_sale-2" : {
                "passed" : 10,
                "failed" : 0,
                "failedMutations" : [ ]
              },
              "lista_menija" : {
                "passed" : 10,
                "failed" : 0,
                "failedMutations" : [ ]
              },
              "sve_zauzete-2" : {
                "passed" : 10,
                "failed" : 0,
                "failedMutations" : [ ]
              },
              "sve_zauzete-1" : {
                "passed" : 10,
                "failed" : 0,
                "failedMutations" : [ ]
              },
              "logo_slika" : {
                "passed" : 10,
                "failed" : 0,
                "failedMutations" : [ ]
              },
              "sve_kancelarije-2" : {
                "passed" : 10,
                "failed" : 0,
                "failedMutations" : [ ]
              },
              "sve_kancelarije-1" : {
                "passed" : 10,
                "failed" : 0,
                "failedMutations" : [ ]
              },
              "kancelarija" : {
                "passed" : 10,
                "failed" : 0,
                "failedMutations" : [ ]
              },
              "sve_sale-44" : {
                "passed" : 10,
                "failed" : 0,
                "failedMutations" : [ ]
              },
              "sve_sale-43" : {
                "passed" : 10,
                "failed" : 0,
                "failedMutations" : [ ]
              },
              "sve_sale-45" : {
                "passed" : 10,
                "failed" : 0,
                "failedMutations" : [ ]
              },
              "sve_sale-40" : {
                "passed" : 10,
                "failed" : 0,
                "failedMutations" : [ ]
              },
              "sve_sale-42" : {
                "passed" : 10,
                "failed" : 0,
                "failedMutations" : [ ]
              },
              "sve_sale-41" : {
                "passed" : 10,
                "failed" : 0,
                "failedMutations" : [ ]
              },
              "meni" : {
                "passed" : 10,
                "failed" : 0,
                "failedMutations" : [ ]
              },
              "sve_slobodne-2" : {
                "passed" : 10,
                "failed" : 0,
                "failedMutations" : [ ]
              },
              "sve_slobodne-1" : {
                "passed" : 10,
                "failed" : 0,
                "failedMutations" : [ ]
              },
              "stavka_menija-3" : {
                "passed" : 10,
                "failed" : 0,
                "failedMutations" : [ ]
              },
              "stavka_menija-2" : {
                "passed" : 10,
                "failed" : 0,
                "failedMutations" : [ ]
              },
              "stavka_menija-1" : {
                "passed" : 10,
                "failed" : 0,
                "failedMutations" : [ ]
              },
              "sadrzaj" : {
                "passed" : 10,
                "failed" : 0,
                "failedMutations" : [ ]
              },
              "zauzeta" : {
                "passed" : 10,
                "failed" : 0,
                "failedMutations" : [ ]
              },
              "stavka_menija-4" : {
                "passed" : 10,
                "failed" : 0,
                "failedMutations" : [ ]
              },
              "sve_sale-33" : {
                "passed" : 10,
                "failed" : 0,
                "failedMutations" : [ ]
              },
              "sve_sale-32" : {
                "passed" : 10,
                "failed" : 0,
                "failedMutations" : [ ]
              },
              "sve_sale-35" : {
                "passed" : 10,
                "failed" : 0,
                "failedMutations" : [ ]
              },
              "sale" : {
                "passed" : 10,
                "failed" : 0,
                "failedMutations" : [ ]
              },
              "sve_sale-34" : {
                "passed" : 10,
                "failed" : 0,
                "failedMutations" : [ ]
              },
              "sve_sale-37" : {
                "passed" : 10,
                "failed" : 0,
                "failedMutations" : [ ]
              },
              "sve_sale-36" : {
                "passed" : 10,
                "failed" : 0,
                "failedMutations" : [ ]
              },
              "sve_sale-39" : {
                "passed" : 10,
                "failed" : 0,
                "failedMutations" : [ ]
              },
              "sve_sale-38" : {
                "passed" : 10,
                "failed" : 0,
                "failedMutations" : [ ]
              },
              "redni" : {
                "passed" : 10,
                "failed" : 0,
                "failedMutations" : [ ]
              },
              "sve_sale-31" : {
                "passed" : 10,
                "failed" : 0,
                "failedMutations" : [ ]
              },
              "sve_sale-30" : {
                "passed" : 10,
                "failed" : 0,
                "failedMutations" : [ ]
              },
              "slobodna" : {
                "passed" : 10,
                "failed" : 0,
                "failedMutations" : [ ]
              }
            },
            "totalPassed" : 690,
            "totalFailed" : 0,
            "totalMutations" : 690,
            "failedRatio" : 0.0
          },
          "type" : "mutation"
        } ],
        "time" : 1573656473938,
        "type" : "node"
      } ],
      "time" : 1573656463565,
      "type" : "node"
    } ]
  }
}