{
  "testId" : "1-pocetnadesktop.gspec",
  "name" : "pocetnaDesktop.gspec",
  "report" : {
    "nodes" : [ {
      "name" : "Simple check",
      "status" : "info",
      "nodes" : [ {
        "name" : "check  pocetnaDesktop.gspec --url http://localhost/pocetna.html --size 1024x768 --htmlreport izvjestaji",
        "status" : "info",
        "nodes" : [ {
          "name" : "Check layout: pocetnaDesktop.gspec included tags: ",
          "status" : "info",
          "time" : 1573651541128,
          "sections" : [ {
            "name" : "Meni section",
            "place" : {
              "filePath" : "pocetnaDesktop.gspec",
              "lineNumber" : 11
            },
            "objects" : [ {
              "name" : "logo",
              "specs" : [ {
                "status" : "info",
                "place" : {
                  "filePath" : "pocetnaDesktop.gspec",
                  "lineNumber" : 14
                },
                "name" : "width 100% of logo/height",
                "meta" : [ {
                  "from" : {
                    "object" : "logo",
                    "edge" : "left"
                  },
                  "to" : {
                    "object" : "logo",
                    "edge" : "right"
                  },
                  "expectedDistance" : "100% [100px]",
                  "realDistance" : "100% [100px]"
                } ],
                "highlight" : [ "logo" ]
              }, {
                "status" : "info",
                "place" : {
                  "filePath" : "pocetnaDesktop.gspec",
                  "lineNumber" : 15
                },
                "name" : "css justify-content is \"center\"",
                "highlight" : [ "logo" ]
              } ]
            }, {
              "name" : "img",
              "specs" : [ {
                "status" : "info",
                "place" : {
                  "filePath" : "pocetnaDesktop.gspec",
                  "lineNumber" : 18
                },
                "name" : "width 100% of logo/height",
                "meta" : [ {
                  "from" : {
                    "object" : "img",
                    "edge" : "left"
                  },
                  "to" : {
                    "object" : "img",
                    "edge" : "right"
                  },
                  "expectedDistance" : "100% [100px]",
                  "realDistance" : "100% [100px]"
                } ],
                "highlight" : [ "img" ]
              }, {
                "status" : "info",
                "place" : {
                  "filePath" : "pocetnaDesktop.gspec",
                  "lineNumber" : 19
                },
                "name" : "width 100% of logo/width",
                "meta" : [ {
                  "from" : {
                    "object" : "img",
                    "edge" : "left"
                  },
                  "to" : {
                    "object" : "img",
                    "edge" : "right"
                  },
                  "expectedDistance" : "100% [100px]",
                  "realDistance" : "100% [100px]"
                } ],
                "highlight" : [ "img" ]
              }, {
                "status" : "info",
                "place" : {
                  "filePath" : "pocetnaDesktop.gspec",
                  "lineNumber" : 20
                },
                "name" : "css padding is \"\"",
                "highlight" : [ "img" ]
              }, {
                "status" : "info",
                "place" : {
                  "filePath" : "pocetnaDesktop.gspec",
                  "lineNumber" : 21
                },
                "name" : "css margin is \"\"",
                "highlight" : [ "img" ]
              } ]
            }, {
              "name" : "meni",
              "specs" : [ {
                "status" : "info",
                "place" : {
                  "filePath" : "pocetnaDesktop.gspec",
                  "lineNumber" : 24
                },
                "name" : "below logo  -50 % of logo/height",
                "meta" : [ {
                  "from" : {
                    "object" : "meni",
                    "edge" : "top"
                  },
                  "to" : {
                    "object" : "logo",
                    "edge" : "bottom"
                  },
                  "expectedDistance" : "-50px",
                  "realDistance" : "-50px"
                } ],
                "highlight" : [ "meni", "logo" ]
              }, {
                "status" : "info",
                "place" : {
                  "filePath" : "pocetnaDesktop.gspec",
                  "lineNumber" : 25
                },
                "name" : "css background-color is  \"rgb(203, 214, 248)\"",
                "highlight" : [ "meni" ]
              }, {
                "status" : "info",
                "place" : {
                  "filePath" : "pocetnaDesktop.gspec",
                  "lineNumber" : 26
                },
                "name" : "css padding is \"\"",
                "highlight" : [ "meni" ]
              }, {
                "status" : "info",
                "place" : {
                  "filePath" : "pocetnaDesktop.gspec",
                  "lineNumber" : 27
                },
                "name" : "css margin is \"\"",
                "highlight" : [ "meni" ]
              }, {
                "status" : "info",
                "place" : {
                  "filePath" : "pocetnaDesktop.gspec",
                  "lineNumber" : 28
                },
                "name" : "css max-width is \"750px\"",
                "highlight" : [ "meni" ]
              } ]
            }, {
              "name" : "meniUl",
              "specs" : [ {
                "status" : "info",
                "place" : {
                  "filePath" : "pocetnaDesktop.gspec",
                  "lineNumber" : 31
                },
                "name" : "width 100% of meni/width",
                "meta" : [ {
                  "from" : {
                    "object" : "meniUl",
                    "edge" : "left"
                  },
                  "to" : {
                    "object" : "meniUl",
                    "edge" : "right"
                  },
                  "expectedDistance" : "100% [750px]",
                  "realDistance" : "100% [750px]"
                } ],
                "highlight" : [ "meniUl" ]
              }, {
                "status" : "info",
                "place" : {
                  "filePath" : "pocetnaDesktop.gspec",
                  "lineNumber" : 32
                },
                "name" : "centered horizontally inside meni",
                "highlight" : [ "meniUl", "meni" ]
              }, {
                "status" : "info",
                "place" : {
                  "filePath" : "pocetnaDesktop.gspec",
                  "lineNumber" : 33
                },
                "name" : "count any menu_item-* is 5",
                "highlight" : [ "menu_item-3", "menu_item-2", "menu_item-5", "menu_item-4", "menu_item-1" ]
              } ]
            }, {
              "name" : "menu_item-1",
              "specs" : [ {
                "status" : "info",
                "place" : {
                  "filePath" : "pocetnaDesktop.gspec",
                  "lineNumber" : 36
                },
                "name" : "text is \"Početna\"",
                "highlight" : [ "menu_item-1" ]
              }, {
                "status" : "info",
                "place" : {
                  "filePath" : "pocetnaDesktop.gspec",
                  "lineNumber" : 37
                },
                "name" : "aligned horizontally all menu_item-2",
                "highlight" : [ "menu_item-1", "menu_item-2" ]
              }, {
                "status" : "info",
                "place" : {
                  "filePath" : "pocetnaDesktop.gspec",
                  "lineNumber" : 38
                },
                "name" : "aligned horizontally all menu_item-3",
                "highlight" : [ "menu_item-1", "menu_item-3" ]
              }, {
                "status" : "info",
                "place" : {
                  "filePath" : "pocetnaDesktop.gspec",
                  "lineNumber" : 39
                },
                "name" : "aligned horizontally all menu_item-4",
                "highlight" : [ "menu_item-1", "menu_item-4" ]
              }, {
                "status" : "info",
                "place" : {
                  "filePath" : "pocetnaDesktop.gspec",
                  "lineNumber" : 40
                },
                "name" : "aligned horizontally all menu_item-5",
                "highlight" : [ "menu_item-1", "menu_item-5" ]
              } ]
            }, {
              "name" : "trenutnaStranica",
              "specs" : [ {
                "status" : "info",
                "place" : {
                  "filePath" : "pocetnaDesktop.gspec",
                  "lineNumber" : 43
                },
                "name" : "text is \"Početna\"",
                "highlight" : [ "trenutnaStranica" ]
              }, {
                "status" : "info",
                "place" : {
                  "filePath" : "pocetnaDesktop.gspec",
                  "lineNumber" : 44
                },
                "name" : "css color is \"rgb(0, 0, 0)\"",
                "highlight" : [ "trenutnaStranica" ]
              } ]
            }, {
              "name" : "sadrzaj",
              "specs" : [ {
                "status" : "info",
                "place" : {
                  "filePath" : "pocetnaDesktop.gspec",
                  "lineNumber" : 47
                },
                "name" : "below meni 5px",
                "meta" : [ {
                  "from" : {
                    "object" : "sadrzaj",
                    "edge" : "top"
                  },
                  "to" : {
                    "object" : "meni",
                    "edge" : "bottom"
                  },
                  "expectedDistance" : "5px",
                  "realDistance" : "5px"
                } ],
                "highlight" : [ "sadrzaj", "meni" ]
              }, {
                "status" : "info",
                "place" : {
                  "filePath" : "pocetnaDesktop.gspec",
                  "lineNumber" : 48
                },
                "name" : "css background-color is  \"rgb(203, 214, 248)\"",
                "highlight" : [ "sadrzaj" ]
              }, {
                "status" : "info",
                "place" : {
                  "filePath" : "pocetnaDesktop.gspec",
                  "lineNumber" : 49
                },
                "name" : "css max-width is \"750px\"",
                "highlight" : [ "sadrzaj" ]
              }, {
                "status" : "info",
                "place" : {
                  "filePath" : "pocetnaDesktop.gspec",
                  "lineNumber" : 50
                },
                "name" : "css justify-content is \"center\"",
                "highlight" : [ "sadrzaj" ]
              } ]
            }, {
              "name" : "slikaDiv",
              "specs" : [ {
                "status" : "info",
                "place" : {
                  "filePath" : "pocetnaDesktop.gspec",
                  "lineNumber" : 53
                },
                "name" : "inside sadrzaj",
                "meta" : [ ],
                "highlight" : [ "slikaDiv", "sadrzaj" ]
              }, {
                "status" : "info",
                "place" : {
                  "filePath" : "pocetnaDesktop.gspec",
                  "lineNumber" : 54
                },
                "name" : "css float is \"left\"",
                "highlight" : [ "slikaDiv" ]
              } ]
            } ]
          } ],
          "objects" : {
            "meni" : {
              "area" : [ 129, 50, 750, 100 ]
            },
            "menu_item-3" : {
              "area" : [ 268, 120, 51, 29 ]
            },
            "menu_item-2" : {
              "area" : [ 218, 120, 45, 29 ]
            },
            "img" : {
              "area" : [ 454, 0, 100, 100 ]
            },
            "menu_item-5" : {
              "area" : [ 433, 120, 60, 29 ]
            },
            "trenutnaStranica" : {
              "area" : [ 144, 125, 64, 19 ]
            },
            "menu_item-4" : {
              "area" : [ 324, 120, 104, 29 ]
            },
            "logo" : {
              "area" : [ 454, 0, 100, 100 ]
            },
            "meniUl" : {
              "area" : [ 129, 50, 750, 104 ]
            },
            "menu_item-1" : {
              "area" : [ 139, 120, 74, 29 ]
            },
            "sadrzaj" : {
              "area" : [ 129, 155, 750, 986 ]
            },
            "slikaDiv" : {
              "area" : [ 134, 160, 244, 243 ]
            }
          },
          "screenshot" : "layout-1-screenshot.png",
          "type" : "layout"
        } ],
        "time" : 1573651536683,
        "type" : "node"
      } ],
      "time" : 1573651529975,
      "type" : "node"
    } ]
  }
}