{
  "testId" : "1-pocetnamobile.gspec",
  "name" : "pocetnaMobile.gspec",
  "report" : {
    "nodes" : [ {
      "name" : "Simple check",
      "status" : "info",
      "nodes" : [ {
        "name" : "check  pocetnaMobile.gspec --url http://localhost/pocetna.html --size 360x640 --htmlreport izvjestaji",
        "status" : "info",
        "nodes" : [ {
          "name" : "Check layout: pocetnaMobile.gspec included tags: ",
          "status" : "info",
          "time" : 1573651560346,
          "sections" : [ {
            "name" : "Meni section",
            "place" : {
              "filePath" : "pocetnaMobile.gspec",
              "lineNumber" : 12
            },
            "objects" : [ {
              "name" : "logo",
              "specs" : [ {
                "status" : "info",
                "place" : {
                  "filePath" : "pocetnaMobile.gspec",
                  "lineNumber" : 15
                },
                "name" : "width 100% of logo/height",
                "meta" : [ {
                  "from" : {
                    "object" : "logo",
                    "edge" : "left"
                  },
                  "to" : {
                    "object" : "logo",
                    "edge" : "right"
                  },
                  "expectedDistance" : "100% [100px]",
                  "realDistance" : "100% [100px]"
                } ],
                "highlight" : [ "logo" ]
              }, {
                "status" : "info",
                "place" : {
                  "filePath" : "pocetnaMobile.gspec",
                  "lineNumber" : 16
                },
                "name" : "css justify-content is \"center\"",
                "highlight" : [ "logo" ]
              } ]
            }, {
              "name" : "img",
              "specs" : [ {
                "status" : "info",
                "place" : {
                  "filePath" : "pocetnaMobile.gspec",
                  "lineNumber" : 19
                },
                "name" : "width 100% of logo/height",
                "meta" : [ {
                  "from" : {
                    "object" : "img",
                    "edge" : "left"
                  },
                  "to" : {
                    "object" : "img",
                    "edge" : "right"
                  },
                  "expectedDistance" : "100% [100px]",
                  "realDistance" : "100% [100px]"
                } ],
                "highlight" : [ "img" ]
              }, {
                "status" : "info",
                "place" : {
                  "filePath" : "pocetnaMobile.gspec",
                  "lineNumber" : 20
                },
                "name" : "width 100% of logo/width",
                "meta" : [ {
                  "from" : {
                    "object" : "img",
                    "edge" : "left"
                  },
                  "to" : {
                    "object" : "img",
                    "edge" : "right"
                  },
                  "expectedDistance" : "100% [100px]",
                  "realDistance" : "100% [100px]"
                } ],
                "highlight" : [ "img" ]
              }, {
                "status" : "info",
                "place" : {
                  "filePath" : "pocetnaMobile.gspec",
                  "lineNumber" : 21
                },
                "name" : "css padding is \"\"",
                "highlight" : [ "img" ]
              }, {
                "status" : "info",
                "place" : {
                  "filePath" : "pocetnaMobile.gspec",
                  "lineNumber" : 22
                },
                "name" : "css margin is \"\"",
                "highlight" : [ "img" ]
              } ]
            }, {
              "name" : "meni",
              "specs" : [ {
                "status" : "info",
                "place" : {
                  "filePath" : "pocetnaMobile.gspec",
                  "lineNumber" : 25
                },
                "name" : "below logo  -50 % of logo/height",
                "meta" : [ {
                  "from" : {
                    "object" : "meni",
                    "edge" : "top"
                  },
                  "to" : {
                    "object" : "logo",
                    "edge" : "bottom"
                  },
                  "expectedDistance" : "-50px",
                  "realDistance" : "-50px"
                } ],
                "highlight" : [ "meni", "logo" ]
              }, {
                "status" : "info",
                "place" : {
                  "filePath" : "pocetnaMobile.gspec",
                  "lineNumber" : 26
                },
                "name" : "css background-color is  \"rgb(203, 214, 248)\"",
                "highlight" : [ "meni" ]
              }, {
                "status" : "info",
                "place" : {
                  "filePath" : "pocetnaMobile.gspec",
                  "lineNumber" : 27
                },
                "name" : "css padding is \"\"",
                "highlight" : [ "meni" ]
              }, {
                "status" : "info",
                "place" : {
                  "filePath" : "pocetnaMobile.gspec",
                  "lineNumber" : 28
                },
                "name" : "css margin is \"\"",
                "highlight" : [ "meni" ]
              }, {
                "status" : "info",
                "place" : {
                  "filePath" : "pocetnaMobile.gspec",
                  "lineNumber" : 29
                },
                "name" : "css max-width is \"750px\"",
                "highlight" : [ "meni" ]
              } ]
            }, {
              "name" : "meniUl",
              "specs" : [ {
                "status" : "info",
                "place" : {
                  "filePath" : "pocetnaMobile.gspec",
                  "lineNumber" : 32
                },
                "name" : "width 100% of meni/width",
                "meta" : [ {
                  "from" : {
                    "object" : "meniUl",
                    "edge" : "left"
                  },
                  "to" : {
                    "object" : "meniUl",
                    "edge" : "right"
                  },
                  "expectedDistance" : "100% [344px]",
                  "realDistance" : "100% [344px]"
                } ],
                "highlight" : [ "meniUl" ]
              }, {
                "status" : "info",
                "place" : {
                  "filePath" : "pocetnaMobile.gspec",
                  "lineNumber" : 33
                },
                "name" : "centered horizontally inside meni",
                "highlight" : [ "meniUl", "meni" ]
              }, {
                "status" : "info",
                "place" : {
                  "filePath" : "pocetnaMobile.gspec",
                  "lineNumber" : 34
                },
                "name" : "count any menu_item-* is 5",
                "highlight" : [ "menu_item-3", "menu_item-2", "menu_item-5", "menu_item-4", "menu_item-1" ]
              } ]
            }, {
              "name" : "menu_item-1",
              "specs" : [ {
                "status" : "info",
                "place" : {
                  "filePath" : "pocetnaMobile.gspec",
                  "lineNumber" : 37
                },
                "name" : "text is \"Početna\"",
                "highlight" : [ "menu_item-1" ]
              }, {
                "status" : "info",
                "place" : {
                  "filePath" : "pocetnaMobile.gspec",
                  "lineNumber" : 38
                },
                "name" : "aligned vertically all menu_item-2",
                "highlight" : [ "menu_item-1", "menu_item-2" ]
              }, {
                "status" : "info",
                "place" : {
                  "filePath" : "pocetnaMobile.gspec",
                  "lineNumber" : 39
                },
                "name" : "aligned vertically all menu_item-3",
                "highlight" : [ "menu_item-1", "menu_item-3" ]
              }, {
                "status" : "info",
                "place" : {
                  "filePath" : "pocetnaMobile.gspec",
                  "lineNumber" : 40
                },
                "name" : "aligned vertically all menu_item-4",
                "highlight" : [ "menu_item-1", "menu_item-4" ]
              }, {
                "status" : "info",
                "place" : {
                  "filePath" : "pocetnaMobile.gspec",
                  "lineNumber" : 41
                },
                "name" : "aligned vertically all menu_item-5",
                "highlight" : [ "menu_item-1", "menu_item-5" ]
              } ]
            }, {
              "name" : "trenutnaStranica",
              "specs" : [ {
                "status" : "info",
                "place" : {
                  "filePath" : "pocetnaMobile.gspec",
                  "lineNumber" : 44
                },
                "name" : "text is \"Početna\"",
                "highlight" : [ "trenutnaStranica" ]
              }, {
                "status" : "info",
                "place" : {
                  "filePath" : "pocetnaMobile.gspec",
                  "lineNumber" : 45
                },
                "name" : "css color is \"rgb(0, 0, 0)\"",
                "highlight" : [ "trenutnaStranica" ]
              } ]
            }, {
              "name" : "sadrzaj",
              "specs" : [ {
                "status" : "info",
                "place" : {
                  "filePath" : "pocetnaMobile.gspec",
                  "lineNumber" : 48
                },
                "name" : "below meni 5px",
                "meta" : [ {
                  "from" : {
                    "object" : "sadrzaj",
                    "edge" : "top"
                  },
                  "to" : {
                    "object" : "meni",
                    "edge" : "bottom"
                  },
                  "expectedDistance" : "5px",
                  "realDistance" : "5px"
                } ],
                "highlight" : [ "sadrzaj", "meni" ]
              }, {
                "status" : "info",
                "place" : {
                  "filePath" : "pocetnaMobile.gspec",
                  "lineNumber" : 49
                },
                "name" : "css background-color is  \"rgb(203, 214, 248)\"",
                "highlight" : [ "sadrzaj" ]
              }, {
                "status" : "info",
                "place" : {
                  "filePath" : "pocetnaMobile.gspec",
                  "lineNumber" : 50
                },
                "name" : "css max-width is \"750px\"",
                "highlight" : [ "sadrzaj" ]
              }, {
                "status" : "info",
                "place" : {
                  "filePath" : "pocetnaMobile.gspec",
                  "lineNumber" : 51
                },
                "name" : "css justify-content is \"center\"",
                "highlight" : [ "sadrzaj" ]
              } ]
            }, {
              "name" : "slikaDiv",
              "specs" : [ {
                "status" : "info",
                "place" : {
                  "filePath" : "pocetnaMobile.gspec",
                  "lineNumber" : 54
                },
                "name" : "inside sadrzaj",
                "meta" : [ ],
                "highlight" : [ "slikaDiv", "sadrzaj" ]
              }, {
                "status" : "info",
                "place" : {
                  "filePath" : "pocetnaMobile.gspec",
                  "lineNumber" : 55
                },
                "name" : "css float is \"left\"",
                "highlight" : [ "slikaDiv" ]
              } ]
            }, {
              "name" : "slika",
              "specs" : [ {
                "status" : "info",
                "place" : {
                  "filePath" : "pocetnaMobile.gspec",
                  "lineNumber" : 58
                },
                "name" : "css transform is \"matrix(0.8, 0, 0, 0.8, 0, 0)\"",
                "highlight" : [ "slika" ]
              } ]
            } ]
          } ],
          "objects" : {
            "meni" : {
              "area" : [ 0, 50, 344, 160 ]
            },
            "menu_item-3" : {
              "area" : [ 10, 118, 324, 29 ]
            },
            "menu_item-2" : {
              "area" : [ 10, 89, 324, 29 ]
            },
            "slika" : {
              "area" : [ 74, 255, 196, 195 ]
            },
            "img" : {
              "area" : [ 122, 0, 100, 100 ]
            },
            "menu_item-5" : {
              "area" : [ 10, 176, 324, 29 ]
            },
            "menu_item-4" : {
              "area" : [ 10, 147, 324, 29 ]
            },
            "meniUl" : {
              "area" : [ 0, 50, 344, 160 ]
            },
            "menu_item-1" : {
              "area" : [ 10, 60, 324, 29 ]
            },
            "sadrzaj" : {
              "area" : [ 0, 215, 344, 2678 ]
            },
            "slikaDiv" : {
              "area" : [ 5, 226, 334, 253 ]
            },
            "trenutnaStranica" : {
              "area" : [ 15, 65, 64, 19 ]
            },
            "logo" : {
              "area" : [ 122, 0, 100, 100 ]
            }
          },
          "screenshot" : "layout-1-screenshot.png",
          "type" : "layout"
        } ],
        "time" : 1573651556421,
        "type" : "node"
      } ],
      "time" : 1573651550974,
      "type" : "node"
    } ]
  }
}