{
  "testId" : "1-rezervacijadesktop.gspec",
  "name" : "rezervacijaDesktop.gspec",
  "report" : {
    "nodes" : [ {
      "name" : "Simple check",
      "status" : "info",
      "nodes" : [ {
        "name" : "check  rezervacijaDesktop.gspec --url http://localhost/rezervacija.html --size 1024x768 --htmlreport izvjestaji",
        "status" : "info",
        "nodes" : [ {
          "name" : "Check layout: rezervacijaDesktop.gspec included tags: ",
          "status" : "info",
          "time" : 1573651578489,
          "sections" : [ {
            "name" : "Meni section",
            "place" : {
              "filePath" : "rezervacijaDesktop.gspec",
              "lineNumber" : 20
            },
            "objects" : [ {
              "name" : "logo",
              "specs" : [ {
                "status" : "info",
                "place" : {
                  "filePath" : "rezervacijaDesktop.gspec",
                  "lineNumber" : 23
                },
                "name" : "width 100% of logo/height",
                "meta" : [ {
                  "from" : {
                    "object" : "logo",
                    "edge" : "left"
                  },
                  "to" : {
                    "object" : "logo",
                    "edge" : "right"
                  },
                  "expectedDistance" : "100% [100px]",
                  "realDistance" : "100% [100px]"
                } ],
                "highlight" : [ "logo" ]
              }, {
                "status" : "info",
                "place" : {
                  "filePath" : "rezervacijaDesktop.gspec",
                  "lineNumber" : 24
                },
                "name" : "css justify-content is \"center\"",
                "highlight" : [ "logo" ]
              } ]
            }, {
              "name" : "img",
              "specs" : [ {
                "status" : "info",
                "place" : {
                  "filePath" : "rezervacijaDesktop.gspec",
                  "lineNumber" : 27
                },
                "name" : "width 100% of logo/height",
                "meta" : [ {
                  "from" : {
                    "object" : "img",
                    "edge" : "left"
                  },
                  "to" : {
                    "object" : "img",
                    "edge" : "right"
                  },
                  "expectedDistance" : "100% [100px]",
                  "realDistance" : "100% [100px]"
                } ],
                "highlight" : [ "img" ]
              }, {
                "status" : "info",
                "place" : {
                  "filePath" : "rezervacijaDesktop.gspec",
                  "lineNumber" : 28
                },
                "name" : "width 100% of logo/width",
                "meta" : [ {
                  "from" : {
                    "object" : "img",
                    "edge" : "left"
                  },
                  "to" : {
                    "object" : "img",
                    "edge" : "right"
                  },
                  "expectedDistance" : "100% [100px]",
                  "realDistance" : "100% [100px]"
                } ],
                "highlight" : [ "img" ]
              }, {
                "status" : "info",
                "place" : {
                  "filePath" : "rezervacijaDesktop.gspec",
                  "lineNumber" : 29
                },
                "name" : "css padding is \"\"",
                "highlight" : [ "img" ]
              }, {
                "status" : "info",
                "place" : {
                  "filePath" : "rezervacijaDesktop.gspec",
                  "lineNumber" : 30
                },
                "name" : "css margin is \"\"",
                "highlight" : [ "img" ]
              } ]
            }, {
              "name" : "meni",
              "specs" : [ {
                "status" : "info",
                "place" : {
                  "filePath" : "rezervacijaDesktop.gspec",
                  "lineNumber" : 33
                },
                "name" : "below logo  -50 % of logo/height",
                "meta" : [ {
                  "from" : {
                    "object" : "meni",
                    "edge" : "top"
                  },
                  "to" : {
                    "object" : "logo",
                    "edge" : "bottom"
                  },
                  "expectedDistance" : "-50px",
                  "realDistance" : "-50px"
                } ],
                "highlight" : [ "meni", "logo" ]
              }, {
                "status" : "info",
                "place" : {
                  "filePath" : "rezervacijaDesktop.gspec",
                  "lineNumber" : 34
                },
                "name" : "css background-color is  \"rgb(203, 214, 248)\"",
                "highlight" : [ "meni" ]
              }, {
                "status" : "info",
                "place" : {
                  "filePath" : "rezervacijaDesktop.gspec",
                  "lineNumber" : 35
                },
                "name" : "css padding is \"\"",
                "highlight" : [ "meni" ]
              }, {
                "status" : "info",
                "place" : {
                  "filePath" : "rezervacijaDesktop.gspec",
                  "lineNumber" : 36
                },
                "name" : "css margin is \"\"",
                "highlight" : [ "meni" ]
              }, {
                "status" : "info",
                "place" : {
                  "filePath" : "rezervacijaDesktop.gspec",
                  "lineNumber" : 37
                },
                "name" : "css max-width is \"750px\"",
                "highlight" : [ "meni" ]
              } ]
            }, {
              "name" : "meniUl",
              "specs" : [ {
                "status" : "info",
                "place" : {
                  "filePath" : "rezervacijaDesktop.gspec",
                  "lineNumber" : 40
                },
                "name" : "width 100% of meni/width",
                "meta" : [ {
                  "from" : {
                    "object" : "meniUl",
                    "edge" : "left"
                  },
                  "to" : {
                    "object" : "meniUl",
                    "edge" : "right"
                  },
                  "expectedDistance" : "100% [750px]",
                  "realDistance" : "100% [750px]"
                } ],
                "highlight" : [ "meniUl" ]
              }, {
                "status" : "info",
                "place" : {
                  "filePath" : "rezervacijaDesktop.gspec",
                  "lineNumber" : 41
                },
                "name" : "centered horizontally inside meni",
                "highlight" : [ "meniUl", "meni" ]
              }, {
                "status" : "info",
                "place" : {
                  "filePath" : "rezervacijaDesktop.gspec",
                  "lineNumber" : 42
                },
                "name" : "count any menu_item-* is 5",
                "highlight" : [ "menu_item-3", "menu_item-2", "menu_item-5", "menu_item-4", "menu_item-1" ]
              } ]
            }, {
              "name" : "menu_item-1",
              "specs" : [ {
                "status" : "info",
                "place" : {
                  "filePath" : "rezervacijaDesktop.gspec",
                  "lineNumber" : 45
                },
                "name" : "text is \"Početna\"",
                "highlight" : [ "menu_item-1" ]
              }, {
                "status" : "info",
                "place" : {
                  "filePath" : "rezervacijaDesktop.gspec",
                  "lineNumber" : 46
                },
                "name" : "aligned horizontally all menu_item-2",
                "highlight" : [ "menu_item-1", "menu_item-2" ]
              }, {
                "status" : "info",
                "place" : {
                  "filePath" : "rezervacijaDesktop.gspec",
                  "lineNumber" : 47
                },
                "name" : "aligned horizontally all menu_item-3",
                "highlight" : [ "menu_item-1", "menu_item-3" ]
              }, {
                "status" : "info",
                "place" : {
                  "filePath" : "rezervacijaDesktop.gspec",
                  "lineNumber" : 48
                },
                "name" : "aligned horizontally all menu_item-4",
                "highlight" : [ "menu_item-1", "menu_item-4" ]
              }, {
                "status" : "info",
                "place" : {
                  "filePath" : "rezervacijaDesktop.gspec",
                  "lineNumber" : 49
                },
                "name" : "aligned horizontally all menu_item-5",
                "highlight" : [ "menu_item-1", "menu_item-5" ]
              } ]
            }, {
              "name" : "trenutnaStranica",
              "specs" : [ {
                "status" : "info",
                "place" : {
                  "filePath" : "rezervacijaDesktop.gspec",
                  "lineNumber" : 52
                },
                "name" : "text is \"Rezervacija\"",
                "highlight" : [ "trenutnaStranica" ]
              }, {
                "status" : "info",
                "place" : {
                  "filePath" : "rezervacijaDesktop.gspec",
                  "lineNumber" : 53
                },
                "name" : "css color is \"rgb(0, 0, 0)\"",
                "highlight" : [ "trenutnaStranica" ]
              } ]
            }, {
              "name" : "form",
              "specs" : [ {
                "status" : "info",
                "place" : {
                  "filePath" : "rezervacijaDesktop.gspec",
                  "lineNumber" : 56
                },
                "name" : "inside sadrzaj",
                "meta" : [ ],
                "highlight" : [ "form", "sadrzaj" ]
              } ]
            }, {
              "name" : "select",
              "specs" : [ {
                "status" : "info",
                "place" : {
                  "filePath" : "rezervacijaDesktop.gspec",
                  "lineNumber" : 59
                },
                "name" : "inside form",
                "meta" : [ ],
                "highlight" : [ "select", "form" ]
              } ]
            }, {
              "name" : "input",
              "specs" : [ {
                "status" : "info",
                "place" : {
                  "filePath" : "rezervacijaDesktop.gspec",
                  "lineNumber" : 62
                },
                "name" : "inside sadrzaj",
                "meta" : [ ],
                "highlight" : [ "input", "sadrzaj" ]
              } ]
            }, {
              "name" : "grid",
              "specs" : [ {
                "status" : "info",
                "place" : {
                  "filePath" : "rezervacijaDesktop.gspec",
                  "lineNumber" : 65
                },
                "name" : "css background-color is \"rgb(133, 163, 224)\"",
                "highlight" : [ "grid" ]
              } ]
            }, {
              "name" : "box",
              "specs" : [ {
                "status" : "info",
                "place" : {
                  "filePath" : "rezervacijaDesktop.gspec",
                  "lineNumber" : 68
                },
                "name" : "css grid-column-start is \"1\"",
                "highlight" : [ "box" ]
              }, {
                "status" : "info",
                "place" : {
                  "filePath" : "rezervacijaDesktop.gspec",
                  "lineNumber" : 69
                },
                "name" : "css grid-column-end is \"8\"",
                "highlight" : [ "box" ]
              }, {
                "status" : "info",
                "place" : {
                  "filePath" : "rezervacijaDesktop.gspec",
                  "lineNumber" : 70
                },
                "name" : "css grid-row-start is \"1\"",
                "highlight" : [ "box" ]
              }, {
                "status" : "info",
                "place" : {
                  "filePath" : "rezervacijaDesktop.gspec",
                  "lineNumber" : 71
                },
                "name" : "css grid-row-end is \"2\"",
                "highlight" : [ "box" ]
              } ]
            }, {
              "name" : "daniSedmice",
              "specs" : [ {
                "status" : "info",
                "place" : {
                  "filePath" : "rezervacijaDesktop.gspec",
                  "lineNumber" : 74
                },
                "name" : "css background-color is \"rgb(133, 163, 224)\"",
                "highlight" : [ "daniSedmice" ]
              } ]
            }, {
              "name" : "zauzeta",
              "specs" : [ {
                "status" : "info",
                "place" : {
                  "filePath" : "rezervacijaDesktop.gspec",
                  "lineNumber" : 77
                },
                "name" : "css background-color is \"rgb(240, 109, 109)\"",
                "highlight" : [ "zauzeta" ]
              } ]
            }, {
              "name" : "slobodna",
              "specs" : [ {
                "status" : "info",
                "place" : {
                  "filePath" : "rezervacijaDesktop.gspec",
                  "lineNumber" : 80
                },
                "name" : "css background-color is \"rgb(102, 204, 102)\"",
                "highlight" : [ "slobodna" ]
              } ]
            } ]
          } ],
          "objects" : {
            "meni" : {
              "area" : [ 129, 50, 750, 100 ]
            },
            "menu_item-3" : {
              "area" : [ 268, 120, 51, 29 ]
            },
            "menu_item-2" : {
              "area" : [ 218, 120, 45, 29 ]
            },
            "img" : {
              "area" : [ 454, 0, 100, 100 ]
            },
            "menu_item-5" : {
              "area" : [ 433, 120, 60, 29 ]
            },
            "menu_item-4" : {
              "area" : [ 324, 120, 104, 29 ]
            },
            "select" : {
              "area" : [ 245, 170, 92, 31 ]
            },
            "daniSedmice" : {
              "area" : [ 247, 329, 50, 40 ]
            },
            "meniUl" : {
              "area" : [ 129, 50, 750, 104 ]
            },
            "box" : {
              "area" : [ 247, 279, 50, 40 ]
            },
            "menu_item-1" : {
              "area" : [ 139, 120, 74, 29 ]
            },
            "sadrzaj" : {
              "area" : [ 129, 155, 750, 566 ]
            },
            "zauzeta" : {
              "area" : [ 324, 456, 47, 15 ]
            },
            "input" : {
              "area" : [ 346, 173, 18, 18 ]
            },
            "trenutnaStranica" : {
              "area" : [ 329, 125, 94, 19 ]
            },
            "form" : {
              "area" : [ 129, 155, 750, 566 ]
            },
            "grid" : {
              "area" : [ 229, 261, 549, 376 ]
            },
            "logo" : {
              "area" : [ 454, 0, 100, 100 ]
            },
            "slobodna" : {
              "area" : [ 548, 406, 47, 15 ]
            }
          },
          "screenshot" : "layout-1-screenshot.png",
          "type" : "layout"
        } ],
        "time" : 1573651574071,
        "type" : "node"
      } ],
      "time" : 1573651569616,
      "type" : "node"
    } ]
  }
}