{
  "testId" : "1-rezervacijamobile.gspec",
  "name" : "rezervacijaMobile.gspec",
  "report" : {
    "nodes" : [ {
      "name" : "Simple check",
      "status" : "info",
      "nodes" : [ {
        "name" : "check  rezervacijaMobile.gspec --url http://localhost/rezervacija.html --size 360x640 --htmlreport izvjestaji",
        "status" : "info",
        "nodes" : [ {
          "name" : "Check layout: rezervacijaMobile.gspec included tags: ",
          "status" : "info",
          "time" : 1573651688327,
          "sections" : [ {
            "name" : "Meni section",
            "place" : {
              "filePath" : "rezervacijaMobile.gspec",
              "lineNumber" : 21
            },
            "objects" : [ {
              "name" : "logo",
              "specs" : [ {
                "status" : "info",
                "place" : {
                  "filePath" : "rezervacijaMobile.gspec",
                  "lineNumber" : 24
                },
                "name" : "width 100% of logo/height",
                "meta" : [ {
                  "from" : {
                    "object" : "logo",
                    "edge" : "left"
                  },
                  "to" : {
                    "object" : "logo",
                    "edge" : "right"
                  },
                  "expectedDistance" : "100% [100px]",
                  "realDistance" : "100% [100px]"
                } ],
                "highlight" : [ "logo" ]
              }, {
                "status" : "info",
                "place" : {
                  "filePath" : "rezervacijaMobile.gspec",
                  "lineNumber" : 25
                },
                "name" : "css justify-content is \"center\"",
                "highlight" : [ "logo" ]
              } ]
            }, {
              "name" : "img",
              "specs" : [ {
                "status" : "info",
                "place" : {
                  "filePath" : "rezervacijaMobile.gspec",
                  "lineNumber" : 28
                },
                "name" : "width 100% of logo/height",
                "meta" : [ {
                  "from" : {
                    "object" : "img",
                    "edge" : "left"
                  },
                  "to" : {
                    "object" : "img",
                    "edge" : "right"
                  },
                  "expectedDistance" : "100% [100px]",
                  "realDistance" : "100% [100px]"
                } ],
                "highlight" : [ "img" ]
              }, {
                "status" : "info",
                "place" : {
                  "filePath" : "rezervacijaMobile.gspec",
                  "lineNumber" : 29
                },
                "name" : "width 100% of logo/width",
                "meta" : [ {
                  "from" : {
                    "object" : "img",
                    "edge" : "left"
                  },
                  "to" : {
                    "object" : "img",
                    "edge" : "right"
                  },
                  "expectedDistance" : "100% [100px]",
                  "realDistance" : "100% [100px]"
                } ],
                "highlight" : [ "img" ]
              }, {
                "status" : "info",
                "place" : {
                  "filePath" : "rezervacijaMobile.gspec",
                  "lineNumber" : 30
                },
                "name" : "css padding is \"\"",
                "highlight" : [ "img" ]
              }, {
                "status" : "info",
                "place" : {
                  "filePath" : "rezervacijaMobile.gspec",
                  "lineNumber" : 31
                },
                "name" : "css margin is \"\"",
                "highlight" : [ "img" ]
              } ]
            }, {
              "name" : "meni",
              "specs" : [ {
                "status" : "info",
                "place" : {
                  "filePath" : "rezervacijaMobile.gspec",
                  "lineNumber" : 34
                },
                "name" : "below logo  -50 % of logo/height",
                "meta" : [ {
                  "from" : {
                    "object" : "meni",
                    "edge" : "top"
                  },
                  "to" : {
                    "object" : "logo",
                    "edge" : "bottom"
                  },
                  "expectedDistance" : "-50px",
                  "realDistance" : "-50px"
                } ],
                "highlight" : [ "meni", "logo" ]
              }, {
                "status" : "info",
                "place" : {
                  "filePath" : "rezervacijaMobile.gspec",
                  "lineNumber" : 35
                },
                "name" : "css background-color is  \"rgb(203, 214, 248)\"",
                "highlight" : [ "meni" ]
              }, {
                "status" : "info",
                "place" : {
                  "filePath" : "rezervacijaMobile.gspec",
                  "lineNumber" : 36
                },
                "name" : "css padding is \"\"",
                "highlight" : [ "meni" ]
              }, {
                "status" : "info",
                "place" : {
                  "filePath" : "rezervacijaMobile.gspec",
                  "lineNumber" : 37
                },
                "name" : "css margin is \"\"",
                "highlight" : [ "meni" ]
              }, {
                "status" : "info",
                "place" : {
                  "filePath" : "rezervacijaMobile.gspec",
                  "lineNumber" : 38
                },
                "name" : "css max-width is \"750px\"",
                "highlight" : [ "meni" ]
              } ]
            }, {
              "name" : "meniUl",
              "specs" : [ {
                "status" : "info",
                "place" : {
                  "filePath" : "rezervacijaMobile.gspec",
                  "lineNumber" : 41
                },
                "name" : "width 100% of meni/width",
                "meta" : [ {
                  "from" : {
                    "object" : "meniUl",
                    "edge" : "left"
                  },
                  "to" : {
                    "object" : "meniUl",
                    "edge" : "right"
                  },
                  "expectedDistance" : "100% [344px]",
                  "realDistance" : "100% [344px]"
                } ],
                "highlight" : [ "meniUl" ]
              }, {
                "status" : "info",
                "place" : {
                  "filePath" : "rezervacijaMobile.gspec",
                  "lineNumber" : 42
                },
                "name" : "centered horizontally inside meni",
                "highlight" : [ "meniUl", "meni" ]
              }, {
                "status" : "info",
                "place" : {
                  "filePath" : "rezervacijaMobile.gspec",
                  "lineNumber" : 43
                },
                "name" : "count any menu_item-* is 5",
                "highlight" : [ "menu_item-3", "menu_item-2", "menu_item-5", "menu_item-4", "menu_item-1" ]
              } ]
            }, {
              "name" : "menu_item-1",
              "specs" : [ {
                "status" : "info",
                "place" : {
                  "filePath" : "rezervacijaMobile.gspec",
                  "lineNumber" : 46
                },
                "name" : "text is \"Početna\"",
                "highlight" : [ "menu_item-1" ]
              }, {
                "status" : "info",
                "place" : {
                  "filePath" : "rezervacijaMobile.gspec",
                  "lineNumber" : 47
                },
                "name" : "aligned vertically all menu_item-2",
                "highlight" : [ "menu_item-1", "menu_item-2" ]
              }, {
                "status" : "info",
                "place" : {
                  "filePath" : "rezervacijaMobile.gspec",
                  "lineNumber" : 48
                },
                "name" : "aligned vertically all menu_item-3",
                "highlight" : [ "menu_item-1", "menu_item-3" ]
              }, {
                "status" : "info",
                "place" : {
                  "filePath" : "rezervacijaMobile.gspec",
                  "lineNumber" : 49
                },
                "name" : "aligned vertically all menu_item-4",
                "highlight" : [ "menu_item-1", "menu_item-4" ]
              }, {
                "status" : "info",
                "place" : {
                  "filePath" : "rezervacijaMobile.gspec",
                  "lineNumber" : 50
                },
                "name" : "aligned vertically all menu_item-5",
                "highlight" : [ "menu_item-1", "menu_item-5" ]
              } ]
            }, {
              "name" : "trenutnaStranica",
              "specs" : [ {
                "status" : "info",
                "place" : {
                  "filePath" : "rezervacijaMobile.gspec",
                  "lineNumber" : 53
                },
                "name" : "text is \"Rezervacija\"",
                "highlight" : [ "trenutnaStranica" ]
              }, {
                "status" : "info",
                "place" : {
                  "filePath" : "rezervacijaMobile.gspec",
                  "lineNumber" : 54
                },
                "name" : "css color is \"rgb(0, 0, 0)\"",
                "highlight" : [ "trenutnaStranica" ]
              } ]
            }, {
              "name" : "form",
              "specs" : [ {
                "status" : "info",
                "place" : {
                  "filePath" : "rezervacijaMobile.gspec",
                  "lineNumber" : 56
                },
                "name" : "inside sadrzaj",
                "meta" : [ ],
                "highlight" : [ "form", "sadrzaj" ]
              } ]
            }, {
              "name" : "select",
              "specs" : [ {
                "status" : "info",
                "place" : {
                  "filePath" : "rezervacijaMobile.gspec",
                  "lineNumber" : 59
                },
                "name" : "inside form",
                "meta" : [ ],
                "highlight" : [ "select", "form" ]
              } ]
            }, {
              "name" : "input",
              "specs" : [ {
                "status" : "info",
                "place" : {
                  "filePath" : "rezervacijaMobile.gspec",
                  "lineNumber" : 62
                },
                "name" : "inside sadrzaj",
                "meta" : [ ],
                "highlight" : [ "input", "sadrzaj" ]
              } ]
            }, {
              "name" : "grid",
              "specs" : [ {
                "status" : "info",
                "place" : {
                  "filePath" : "rezervacijaMobile.gspec",
                  "lineNumber" : 65
                },
                "name" : "css background-color is \"rgb(133, 163, 224)\"",
                "highlight" : [ "grid" ]
              } ]
            }, {
              "name" : "box",
              "specs" : [ {
                "status" : "info",
                "place" : {
                  "filePath" : "rezervacijaMobile.gspec",
                  "lineNumber" : 68
                },
                "name" : "css grid-column-start is \"1\"",
                "highlight" : [ "box" ]
              }, {
                "status" : "info",
                "place" : {
                  "filePath" : "rezervacijaMobile.gspec",
                  "lineNumber" : 69
                },
                "name" : "css grid-row-start is \"1\"",
                "highlight" : [ "box" ]
              } ]
            }, {
              "name" : "daniSedmice",
              "specs" : [ {
                "status" : "info",
                "place" : {
                  "filePath" : "rezervacijaMobile.gspec",
                  "lineNumber" : 72
                },
                "name" : "css background-color is \"rgb(133, 163, 224)\"",
                "highlight" : [ "daniSedmice" ]
              } ]
            }, {
              "name" : "zauzeta",
              "specs" : [ {
                "status" : "info",
                "place" : {
                  "filePath" : "rezervacijaMobile.gspec",
                  "lineNumber" : 75
                },
                "name" : "absent",
                "highlight" : [ ]
              } ]
            }, {
              "name" : "slobodna",
              "specs" : [ {
                "status" : "info",
                "place" : {
                  "filePath" : "rezervacijaMobile.gspec",
                  "lineNumber" : 78
                },
                "name" : "css background-color is \"rgb(102, 204, 102)\"",
                "highlight" : [ "slobodna" ]
              } ]
            } ]
          } ],
          "objects" : {
            "meni" : {
              "area" : [ 0, 50, 344, 160 ]
            },
            "menu_item-3" : {
              "area" : [ 10, 118, 324, 29 ]
            },
            "menu_item-2" : {
              "area" : [ 10, 89, 324, 29 ]
            },
            "img" : {
              "area" : [ 122, 0, 100, 100 ]
            },
            "menu_item-5" : {
              "area" : [ 10, 176, 324, 29 ]
            },
            "menu_item-4" : {
              "area" : [ 10, 147, 324, 29 ]
            },
            "select" : {
              "area" : [ 116, 230, 92, 31 ]
            },
            "daniSedmice" : {
              "area" : [ 90, 430, 50, 40 ]
            },
            "meniUl" : {
              "area" : [ 0, 50, 344, 160 ]
            },
            "box" : {
              "area" : [ 90, 380, 50, 40 ]
            },
            "menu_item-1" : {
              "area" : [ 10, 60, 324, 29 ]
            },
            "sadrzaj" : {
              "area" : [ 0, 215, 344, 726 ]
            },
            "input" : {
              "area" : [ 217, 233, 18, 18 ]
            },
            "trenutnaStranica" : {
              "area" : [ 15, 152, 94, 19 ]
            },
            "form" : {
              "area" : [ 0, 215, 344, 726 ]
            },
            "grid" : {
              "area" : [ 72, 362, 200, 426 ]
            },
            "logo" : {
              "area" : [ 122, 0, 100, 100 ]
            },
            "slobodna" : {
              "area" : [ 152, 657, 47, 15 ]
            }
          },
          "screenshot" : "layout-1-screenshot.png",
          "type" : "layout"
        } ],
        "time" : 1573651684190,
        "type" : "node"
      } ],
      "time" : 1573651679639,
      "type" : "node"
    } ]
  }
}