{
  "testId" : "1-saledesktop.gspec",
  "name" : "saleDesktop.gspec",
  "report" : {
    "nodes" : [ {
      "name" : "Simple check",
      "status" : "info",
      "nodes" : [ {
        "name" : "check  saleDesktop.gspec --url http://localhost/sale.html --size 1024x768 --htmlreport izvjestaji",
        "status" : "info",
        "nodes" : [ {
          "name" : "Check layout: saleDesktop.gspec included tags: ",
          "status" : "info",
          "time" : 1573651354246,
          "sections" : [ {
            "name" : "Meni section",
            "place" : {
              "filePath" : "saleDesktop.gspec",
              "lineNumber" : 20
            },
            "objects" : [ {
              "name" : "logo",
              "specs" : [ {
                "status" : "info",
                "place" : {
                  "filePath" : "saleDesktop.gspec",
                  "lineNumber" : 23
                },
                "name" : "width 100% of logo/height",
                "meta" : [ {
                  "from" : {
                    "object" : "logo",
                    "edge" : "left"
                  },
                  "to" : {
                    "object" : "logo",
                    "edge" : "right"
                  },
                  "expectedDistance" : "100% [100px]",
                  "realDistance" : "100% [100px]"
                } ],
                "highlight" : [ "logo" ]
              }, {
                "status" : "info",
                "place" : {
                  "filePath" : "saleDesktop.gspec",
                  "lineNumber" : 24
                },
                "name" : "css justify-content is \"center\"",
                "highlight" : [ "logo" ]
              } ]
            }, {
              "name" : "img",
              "specs" : [ {
                "status" : "info",
                "place" : {
                  "filePath" : "saleDesktop.gspec",
                  "lineNumber" : 28
                },
                "name" : "width 100% of logo/height",
                "meta" : [ {
                  "from" : {
                    "object" : "img",
                    "edge" : "left"
                  },
                  "to" : {
                    "object" : "img",
                    "edge" : "right"
                  },
                  "expectedDistance" : "100% [100px]",
                  "realDistance" : "100% [100px]"
                } ],
                "highlight" : [ "img" ]
              }, {
                "status" : "info",
                "place" : {
                  "filePath" : "saleDesktop.gspec",
                  "lineNumber" : 29
                },
                "name" : "width 100% of logo/width",
                "meta" : [ {
                  "from" : {
                    "object" : "img",
                    "edge" : "left"
                  },
                  "to" : {
                    "object" : "img",
                    "edge" : "right"
                  },
                  "expectedDistance" : "100% [100px]",
                  "realDistance" : "100% [100px]"
                } ],
                "highlight" : [ "img" ]
              }, {
                "status" : "info",
                "place" : {
                  "filePath" : "saleDesktop.gspec",
                  "lineNumber" : 30
                },
                "name" : "css padding is \"\"",
                "highlight" : [ "img" ]
              }, {
                "status" : "info",
                "place" : {
                  "filePath" : "saleDesktop.gspec",
                  "lineNumber" : 31
                },
                "name" : "css margin is \"\"",
                "highlight" : [ "img" ]
              } ]
            }, {
              "name" : "meni",
              "specs" : [ {
                "status" : "info",
                "place" : {
                  "filePath" : "saleDesktop.gspec",
                  "lineNumber" : 34
                },
                "name" : "below logo  -50 % of logo/height",
                "meta" : [ {
                  "from" : {
                    "object" : "meni",
                    "edge" : "top"
                  },
                  "to" : {
                    "object" : "logo",
                    "edge" : "bottom"
                  },
                  "expectedDistance" : "-50px",
                  "realDistance" : "-50px"
                } ],
                "highlight" : [ "meni", "logo" ]
              }, {
                "status" : "info",
                "place" : {
                  "filePath" : "saleDesktop.gspec",
                  "lineNumber" : 35
                },
                "name" : "css background-color is  \"rgb(203, 214, 248)\"",
                "highlight" : [ "meni" ]
              }, {
                "status" : "info",
                "place" : {
                  "filePath" : "saleDesktop.gspec",
                  "lineNumber" : 36
                },
                "name" : "css padding is \"\"",
                "highlight" : [ "meni" ]
              }, {
                "status" : "info",
                "place" : {
                  "filePath" : "saleDesktop.gspec",
                  "lineNumber" : 37
                },
                "name" : "css margin is \"\"",
                "highlight" : [ "meni" ]
              }, {
                "status" : "info",
                "place" : {
                  "filePath" : "saleDesktop.gspec",
                  "lineNumber" : 38
                },
                "name" : "css max-width is \"750px\"",
                "highlight" : [ "meni" ]
              } ]
            }, {
              "name" : "meniUl",
              "specs" : [ {
                "status" : "info",
                "place" : {
                  "filePath" : "saleDesktop.gspec",
                  "lineNumber" : 41
                },
                "name" : "width 100% of meni/width",
                "meta" : [ {
                  "from" : {
                    "object" : "meniUl",
                    "edge" : "left"
                  },
                  "to" : {
                    "object" : "meniUl",
                    "edge" : "right"
                  },
                  "expectedDistance" : "100% [750px]",
                  "realDistance" : "100% [750px]"
                } ],
                "highlight" : [ "meniUl" ]
              }, {
                "status" : "info",
                "place" : {
                  "filePath" : "saleDesktop.gspec",
                  "lineNumber" : 42
                },
                "name" : "centered horizontally inside meni",
                "highlight" : [ "meniUl", "meni" ]
              }, {
                "status" : "info",
                "place" : {
                  "filePath" : "saleDesktop.gspec",
                  "lineNumber" : 43
                },
                "name" : "count any menu_item-* is 5",
                "highlight" : [ "menu_item-3", "menu_item-2", "menu_item-5", "menu_item-4", "menu_item-1" ]
              } ]
            }, {
              "name" : "menu_item-1",
              "specs" : [ {
                "status" : "info",
                "place" : {
                  "filePath" : "saleDesktop.gspec",
                  "lineNumber" : 46
                },
                "name" : "text is \"Početna\"",
                "highlight" : [ "menu_item-1" ]
              }, {
                "status" : "info",
                "place" : {
                  "filePath" : "saleDesktop.gspec",
                  "lineNumber" : 47
                },
                "name" : "aligned horizontally all menu_item-2",
                "highlight" : [ "menu_item-1", "menu_item-2" ]
              }, {
                "status" : "info",
                "place" : {
                  "filePath" : "saleDesktop.gspec",
                  "lineNumber" : 48
                },
                "name" : "aligned horizontally all menu_item-3",
                "highlight" : [ "menu_item-1", "menu_item-3" ]
              }, {
                "status" : "info",
                "place" : {
                  "filePath" : "saleDesktop.gspec",
                  "lineNumber" : 49
                },
                "name" : "aligned horizontally all menu_item-4",
                "highlight" : [ "menu_item-1", "menu_item-4" ]
              }, {
                "status" : "info",
                "place" : {
                  "filePath" : "saleDesktop.gspec",
                  "lineNumber" : 50
                },
                "name" : "aligned horizontally all menu_item-5",
                "highlight" : [ "menu_item-1", "menu_item-5" ]
              } ]
            }, {
              "name" : "trenutnaStranica",
              "specs" : [ {
                "status" : "info",
                "place" : {
                  "filePath" : "saleDesktop.gspec",
                  "lineNumber" : 53
                },
                "name" : "text is \"Sale\"",
                "highlight" : [ "trenutnaStranica" ]
              }, {
                "status" : "info",
                "place" : {
                  "filePath" : "saleDesktop.gspec",
                  "lineNumber" : 54
                },
                "name" : "css color is \"rgb(0, 0, 0)\"",
                "highlight" : [ "trenutnaStranica" ]
              } ]
            }, {
              "name" : "sadrzaj",
              "specs" : [ {
                "status" : "info",
                "place" : {
                  "filePath" : "saleDesktop.gspec",
                  "lineNumber" : 57
                },
                "name" : "below meni 5px",
                "meta" : [ {
                  "from" : {
                    "object" : "sadrzaj",
                    "edge" : "top"
                  },
                  "to" : {
                    "object" : "meni",
                    "edge" : "bottom"
                  },
                  "expectedDistance" : "5px",
                  "realDistance" : "5px"
                } ],
                "highlight" : [ "sadrzaj", "meni" ]
              }, {
                "status" : "info",
                "place" : {
                  "filePath" : "saleDesktop.gspec",
                  "lineNumber" : 58
                },
                "name" : "css background-color is  \"rgb(203, 214, 248)\"",
                "highlight" : [ "sadrzaj" ]
              }, {
                "status" : "info",
                "place" : {
                  "filePath" : "saleDesktop.gspec",
                  "lineNumber" : 59
                },
                "name" : "css max-width is \"750px\"",
                "highlight" : [ "sadrzaj" ]
              }, {
                "status" : "info",
                "place" : {
                  "filePath" : "saleDesktop.gspec",
                  "lineNumber" : 60
                },
                "name" : "css justify-content is \"center\"",
                "highlight" : [ "sadrzaj" ]
              } ]
            }, {
              "name" : "tabelaSala",
              "specs" : [ {
                "status" : "info",
                "place" : {
                  "filePath" : "saleDesktop.gspec",
                  "lineNumber" : 63
                },
                "name" : "inside sadrzaj 10px top",
                "meta" : [ {
                  "from" : {
                    "object" : "tabelaSala",
                    "edge" : "top"
                  },
                  "to" : {
                    "object" : "sadrzaj",
                    "edge" : "top"
                  },
                  "expectedDistance" : "10px",
                  "realDistance" : "10px"
                } ],
                "highlight" : [ "tabelaSala", "sadrzaj" ]
              }, {
                "status" : "info",
                "place" : {
                  "filePath" : "saleDesktop.gspec",
                  "lineNumber" : 64
                },
                "name" : "centered horizontally inside sadrzaj",
                "highlight" : [ "tabelaSala", "sadrzaj" ]
              } ]
            }, {
              "name" : "hSprat",
              "specs" : [ {
                "status" : "info",
                "place" : {
                  "filePath" : "saleDesktop.gspec",
                  "lineNumber" : 67
                },
                "name" : "inside tabelaSala",
                "meta" : [ ],
                "highlight" : [ "hSprat", "tabelaSala" ]
              }, {
                "status" : "info",
                "place" : {
                  "filePath" : "saleDesktop.gspec",
                  "lineNumber" : 68
                },
                "name" : "above sala",
                "meta" : [ {
                  "from" : {
                    "object" : "hSprat",
                    "edge" : "bottom"
                  },
                  "to" : {
                    "object" : "sala",
                    "edge" : "top"
                  },
                  "expectedDistance" : ">= 0px",
                  "realDistance" : "60px"
                } ],
                "highlight" : [ "hSprat", "sala" ]
              }, {
                "status" : "info",
                "place" : {
                  "filePath" : "saleDesktop.gspec",
                  "lineNumber" : 69
                },
                "name" : "height 60px",
                "meta" : [ {
                  "from" : {
                    "object" : "hSprat",
                    "edge" : "top"
                  },
                  "to" : {
                    "object" : "hSprat",
                    "edge" : "bottom"
                  },
                  "expectedDistance" : "60px",
                  "realDistance" : "60px"
                } ],
                "highlight" : [ "hSprat" ]
              }, {
                "status" : "info",
                "place" : {
                  "filePath" : "saleDesktop.gspec",
                  "lineNumber" : 70
                },
                "name" : "text is \"Spratovi\"",
                "highlight" : [ "hSprat" ]
              }, {
                "status" : "info",
                "place" : {
                  "filePath" : "saleDesktop.gspec",
                  "lineNumber" : 71
                },
                "name" : "css font-size is \"17px\"",
                "highlight" : [ "hSprat" ]
              }, {
                "status" : "info",
                "place" : {
                  "filePath" : "saleDesktop.gspec",
                  "lineNumber" : 72
                },
                "name" : "css font-family starts \"Georgia\"",
                "highlight" : [ "hSprat" ]
              }, {
                "status" : "info",
                "place" : {
                  "filePath" : "saleDesktop.gspec",
                  "lineNumber" : 73
                },
                "name" : "css color is \"rgb(0, 0, 0)\"",
                "highlight" : [ "hSprat" ]
              }, {
                "status" : "info",
                "place" : {
                  "filePath" : "saleDesktop.gspec",
                  "lineNumber" : 74
                },
                "name" : "css background-color is  \"rgb(169, 169, 169)\"",
                "highlight" : [ "hSprat" ]
              }, {
                "status" : "info",
                "place" : {
                  "filePath" : "saleDesktop.gspec",
                  "lineNumber" : 75
                },
                "name" : "css text-align is \"center\"",
                "highlight" : [ "hSprat" ]
              } ]
            }, {
              "name" : "hRedni",
              "specs" : [ {
                "status" : "info",
                "place" : {
                  "filePath" : "saleDesktop.gspec",
                  "lineNumber" : 78
                },
                "name" : "inside tabelaSala",
                "meta" : [ ],
                "highlight" : [ "hRedni", "tabelaSala" ]
              }, {
                "status" : "info",
                "place" : {
                  "filePath" : "saleDesktop.gspec",
                  "lineNumber" : 79
                },
                "name" : "left-of sala",
                "meta" : [ {
                  "from" : {
                    "object" : "hRedni",
                    "edge" : "right"
                  },
                  "to" : {
                    "object" : "sala",
                    "edge" : "left"
                  },
                  "expectedDistance" : ">= 0px",
                  "realDistance" : "0px"
                } ],
                "highlight" : [ "hRedni", "sala" ]
              }, {
                "status" : "info",
                "place" : {
                  "filePath" : "saleDesktop.gspec",
                  "lineNumber" : 80
                },
                "name" : "css font-size is \"17px\"",
                "highlight" : [ "hRedni" ]
              }, {
                "status" : "info",
                "place" : {
                  "filePath" : "saleDesktop.gspec",
                  "lineNumber" : 81
                },
                "name" : "css background-color is  \"rgb(211, 211, 211)\"",
                "highlight" : [ "hRedni" ]
              }, {
                "status" : "info",
                "place" : {
                  "filePath" : "saleDesktop.gspec",
                  "lineNumber" : 82
                },
                "name" : "css text-align is \"left\"",
                "highlight" : [ "hRedni" ]
              } ]
            }, {
              "name" : "zauzeta",
              "specs" : [ {
                "status" : "info",
                "place" : {
                  "filePath" : "saleDesktop.gspec",
                  "lineNumber" : 85
                },
                "name" : "inside tabelaSala",
                "meta" : [ ],
                "highlight" : [ "zauzeta", "tabelaSala" ]
              }, {
                "status" : "info",
                "place" : {
                  "filePath" : "saleDesktop.gspec",
                  "lineNumber" : 86
                },
                "name" : "css background-color is  \"rgb(255, 80, 80)\"",
                "highlight" : [ "zauzeta" ]
              } ]
            }, {
              "name" : "slobodna",
              "specs" : [ {
                "status" : "info",
                "place" : {
                  "filePath" : "saleDesktop.gspec",
                  "lineNumber" : 89
                },
                "name" : "inside tabelaSala",
                "meta" : [ ],
                "highlight" : [ "slobodna", "tabelaSala" ]
              }, {
                "status" : "info",
                "place" : {
                  "filePath" : "saleDesktop.gspec",
                  "lineNumber" : 90
                },
                "name" : "css background-color is  \"rgb(102, 204, 102)\"",
                "highlight" : [ "slobodna" ]
              } ]
            }, {
              "name" : "kancelarija",
              "specs" : [ {
                "status" : "info",
                "place" : {
                  "filePath" : "saleDesktop.gspec",
                  "lineNumber" : 93
                },
                "name" : "inside tabelaSala",
                "meta" : [ ],
                "highlight" : [ "kancelarija", "tabelaSala" ]
              }, {
                "status" : "info",
                "place" : {
                  "filePath" : "saleDesktop.gspec",
                  "lineNumber" : 94
                },
                "name" : "css background-color is  \"rgb(214, 214, 194)\"",
                "highlight" : [ "kancelarija" ]
              } ]
            }, {
              "name" : "sala",
              "specs" : [ {
                "status" : "info",
                "place" : {
                  "filePath" : "saleDesktop.gspec",
                  "lineNumber" : 97
                },
                "name" : "inside tabelaSala",
                "meta" : [ ],
                "highlight" : [ "sala", "tabelaSala" ]
              }, {
                "status" : "info",
                "place" : {
                  "filePath" : "saleDesktop.gspec",
                  "lineNumber" : 98
                },
                "name" : "css background-color is  \"rgb(255, 255, 255)\"",
                "highlight" : [ "sala" ]
              }, {
                "status" : "info",
                "place" : {
                  "filePath" : "saleDesktop.gspec",
                  "lineNumber" : 99
                },
                "name" : "height 45px",
                "meta" : [ {
                  "from" : {
                    "object" : "sala",
                    "edge" : "top"
                  },
                  "to" : {
                    "object" : "sala",
                    "edge" : "bottom"
                  },
                  "expectedDistance" : "45px",
                  "realDistance" : "45px"
                } ],
                "highlight" : [ "sala" ]
              }, {
                "status" : "info",
                "place" : {
                  "filePath" : "saleDesktop.gspec",
                  "lineNumber" : 100
                },
                "name" : "width 50px",
                "meta" : [ {
                  "from" : {
                    "object" : "sala",
                    "edge" : "left"
                  },
                  "to" : {
                    "object" : "sala",
                    "edge" : "right"
                  },
                  "expectedDistance" : "50px",
                  "realDistance" : "50px"
                } ],
                "highlight" : [ "sala" ]
              }, {
                "status" : "info",
                "place" : {
                  "filePath" : "saleDesktop.gspec",
                  "lineNumber" : 101
                },
                "name" : "css font-size is \"15px\"",
                "highlight" : [ "sala" ]
              }, {
                "status" : "info",
                "place" : {
                  "filePath" : "saleDesktop.gspec",
                  "lineNumber" : 102
                },
                "name" : "css font-family starts \"Verdana\"",
                "highlight" : [ "sala" ]
              }, {
                "status" : "info",
                "place" : {
                  "filePath" : "saleDesktop.gspec",
                  "lineNumber" : 103
                },
                "name" : "css text-align is \"left\"",
                "highlight" : [ "sala" ]
              }, {
                "status" : "info",
                "place" : {
                  "filePath" : "saleDesktop.gspec",
                  "lineNumber" : 104
                },
                "name" : "css vertical-align is \"top\"",
                "highlight" : [ "sala" ]
              } ]
            } ]
          } ],
          "objects" : {
            "meni" : {
              "area" : [ 129, 50, 750, 100 ]
            },
            "menu_item-3" : {
              "area" : [ 268, 120, 51, 29 ]
            },
            "menu_item-2" : {
              "area" : [ 218, 120, 45, 29 ]
            },
            "img" : {
              "area" : [ 454, 0, 100, 100 ]
            },
            "menu_item-5" : {
              "area" : [ 433, 120, 60, 29 ]
            },
            "menu_item-4" : {
              "area" : [ 324, 120, 104, 29 ]
            },
            "meniUl" : {
              "area" : [ 129, 50, 750, 104 ]
            },
            "menu_item-1" : {
              "area" : [ 139, 120, 74, 29 ]
            },
            "sadrzaj" : {
              "area" : [ 129, 155, 750, 546 ]
            },
            "hRedni" : {
              "area" : [ 336, 226, 86, 60 ]
            },
            "zauzeta" : {
              "area" : [ 622, 331, 50, 45 ]
            },
            "kancelarija" : {
              "area" : [ 472, 376, 50, 45 ]
            },
            "tabelaSala" : {
              "area" : [ 336, 165, 336, 526 ]
            },
            "trenutnaStranica" : {
              "area" : [ 223, 125, 35, 19 ]
            },
            "sala" : {
              "area" : [ 422, 286, 50, 45 ]
            },
            "logo" : {
              "area" : [ 454, 0, 100, 100 ]
            },
            "hSprat" : {
              "area" : [ 422, 166, 250, 60 ]
            },
            "slobodna" : {
              "area" : [ 622, 286, 50, 45 ]
            }
          },
          "screenshot" : "layout-1-screenshot.png",
          "type" : "layout"
        } ],
        "time" : 1573651347624,
        "type" : "node"
      } ],
      "time" : 1573651343026,
      "type" : "node"
    } ]
  }
}