{
  "testId" : "1-salemobile.gspec",
  "name" : "saleMobile.gspec",
  "report" : {
    "nodes" : [ {
      "name" : "Simple check",
      "status" : "info",
      "nodes" : [ {
        "name" : "check  saleMobile.gspec --url http://localhost/sale.html --size 360x640 --htmlreport izvjestaji",
        "status" : "info",
        "nodes" : [ {
          "name" : "Check layout: saleMobile.gspec included tags: ",
          "status" : "info",
          "time" : 1573651375555,
          "sections" : [ {
            "name" : "Meni section",
            "place" : {
              "filePath" : "saleMobile.gspec",
              "lineNumber" : 17
            },
            "objects" : [ {
              "name" : "logo",
              "specs" : [ {
                "status" : "info",
                "place" : {
                  "filePath" : "saleMobile.gspec",
                  "lineNumber" : 20
                },
                "name" : "width 100% of logo/height",
                "meta" : [ {
                  "from" : {
                    "object" : "logo",
                    "edge" : "left"
                  },
                  "to" : {
                    "object" : "logo",
                    "edge" : "right"
                  },
                  "expectedDistance" : "100% [100px]",
                  "realDistance" : "100% [100px]"
                } ],
                "highlight" : [ "logo" ]
              }, {
                "status" : "info",
                "place" : {
                  "filePath" : "saleMobile.gspec",
                  "lineNumber" : 21
                },
                "name" : "css justify-content is \"center\"",
                "highlight" : [ "logo" ]
              } ]
            }, {
              "name" : "img",
              "specs" : [ {
                "status" : "info",
                "place" : {
                  "filePath" : "saleMobile.gspec",
                  "lineNumber" : 25
                },
                "name" : "width 100% of logo/height",
                "meta" : [ {
                  "from" : {
                    "object" : "img",
                    "edge" : "left"
                  },
                  "to" : {
                    "object" : "img",
                    "edge" : "right"
                  },
                  "expectedDistance" : "100% [100px]",
                  "realDistance" : "100% [100px]"
                } ],
                "highlight" : [ "img" ]
              }, {
                "status" : "info",
                "place" : {
                  "filePath" : "saleMobile.gspec",
                  "lineNumber" : 26
                },
                "name" : "width 100% of logo/width",
                "meta" : [ {
                  "from" : {
                    "object" : "img",
                    "edge" : "left"
                  },
                  "to" : {
                    "object" : "img",
                    "edge" : "right"
                  },
                  "expectedDistance" : "100% [100px]",
                  "realDistance" : "100% [100px]"
                } ],
                "highlight" : [ "img" ]
              }, {
                "status" : "info",
                "place" : {
                  "filePath" : "saleMobile.gspec",
                  "lineNumber" : 27
                },
                "name" : "css padding is \"\"",
                "highlight" : [ "img" ]
              }, {
                "status" : "info",
                "place" : {
                  "filePath" : "saleMobile.gspec",
                  "lineNumber" : 28
                },
                "name" : "css margin is \"\"",
                "highlight" : [ "img" ]
              } ]
            }, {
              "name" : "meni",
              "specs" : [ {
                "status" : "info",
                "place" : {
                  "filePath" : "saleMobile.gspec",
                  "lineNumber" : 31
                },
                "name" : "below logo  -50 % of logo/height",
                "meta" : [ {
                  "from" : {
                    "object" : "meni",
                    "edge" : "top"
                  },
                  "to" : {
                    "object" : "logo",
                    "edge" : "bottom"
                  },
                  "expectedDistance" : "-50px",
                  "realDistance" : "-50px"
                } ],
                "highlight" : [ "meni", "logo" ]
              }, {
                "status" : "info",
                "place" : {
                  "filePath" : "saleMobile.gspec",
                  "lineNumber" : 32
                },
                "name" : "css background-color is  \"rgb(203, 214, 248)\"",
                "highlight" : [ "meni" ]
              }, {
                "status" : "info",
                "place" : {
                  "filePath" : "saleMobile.gspec",
                  "lineNumber" : 33
                },
                "name" : "css padding is \"\"",
                "highlight" : [ "meni" ]
              }, {
                "status" : "info",
                "place" : {
                  "filePath" : "saleMobile.gspec",
                  "lineNumber" : 34
                },
                "name" : "css margin is \"\"",
                "highlight" : [ "meni" ]
              }, {
                "status" : "info",
                "place" : {
                  "filePath" : "saleMobile.gspec",
                  "lineNumber" : 35
                },
                "name" : "css max-width is \"750px\"",
                "highlight" : [ "meni" ]
              }, {
                "status" : "info",
                "place" : {
                  "filePath" : "saleMobile.gspec",
                  "lineNumber" : 36
                },
                "name" : "css height is \"160px\"",
                "highlight" : [ "meni" ]
              } ]
            }, {
              "name" : "trenutnaStranica",
              "specs" : [ {
                "status" : "info",
                "place" : {
                  "filePath" : "saleMobile.gspec",
                  "lineNumber" : 39
                },
                "name" : "text is \"Sale\"",
                "highlight" : [ "trenutnaStranica" ]
              }, {
                "status" : "info",
                "place" : {
                  "filePath" : "saleMobile.gspec",
                  "lineNumber" : 40
                },
                "name" : "css color is \"rgb(0, 0, 0)\"",
                "highlight" : [ "trenutnaStranica" ]
              } ]
            }, {
              "name" : "meniUl",
              "specs" : [ {
                "status" : "info",
                "place" : {
                  "filePath" : "saleMobile.gspec",
                  "lineNumber" : 43
                },
                "name" : "width 100% of meni/width",
                "meta" : [ {
                  "from" : {
                    "object" : "meniUl",
                    "edge" : "left"
                  },
                  "to" : {
                    "object" : "meniUl",
                    "edge" : "right"
                  },
                  "expectedDistance" : "100% [344px]",
                  "realDistance" : "100% [344px]"
                } ],
                "highlight" : [ "meniUl" ]
              }, {
                "status" : "info",
                "place" : {
                  "filePath" : "saleMobile.gspec",
                  "lineNumber" : 44
                },
                "name" : "centered horizontally inside meni",
                "highlight" : [ "meniUl", "meni" ]
              }, {
                "status" : "info",
                "place" : {
                  "filePath" : "saleMobile.gspec",
                  "lineNumber" : 45
                },
                "name" : "count any menu_item-* is 5",
                "highlight" : [ "menu_item-3", "menu_item-2", "menu_item-5", "menu_item-4", "menu_item-1" ]
              } ]
            }, {
              "name" : "menu_item-1",
              "specs" : [ {
                "status" : "info",
                "place" : {
                  "filePath" : "saleMobile.gspec",
                  "lineNumber" : 48
                },
                "name" : "text is \"Početna\"",
                "highlight" : [ "menu_item-1" ]
              }, {
                "status" : "info",
                "place" : {
                  "filePath" : "saleMobile.gspec",
                  "lineNumber" : 49
                },
                "name" : "aligned vertically all menu_item-2",
                "highlight" : [ "menu_item-1", "menu_item-2" ]
              }, {
                "status" : "info",
                "place" : {
                  "filePath" : "saleMobile.gspec",
                  "lineNumber" : 50
                },
                "name" : "aligned vertically all menu_item-3",
                "highlight" : [ "menu_item-1", "menu_item-3" ]
              }, {
                "status" : "info",
                "place" : {
                  "filePath" : "saleMobile.gspec",
                  "lineNumber" : 51
                },
                "name" : "aligned vertically all menu_item-4",
                "highlight" : [ "menu_item-1", "menu_item-4" ]
              }, {
                "status" : "info",
                "place" : {
                  "filePath" : "saleMobile.gspec",
                  "lineNumber" : 52
                },
                "name" : "aligned vertically all menu_item-5",
                "highlight" : [ "menu_item-1", "menu_item-5" ]
              } ]
            }, {
              "name" : "sadrzaj",
              "specs" : [ {
                "status" : "info",
                "place" : {
                  "filePath" : "saleMobile.gspec",
                  "lineNumber" : 55
                },
                "name" : "below meni 5px",
                "meta" : [ {
                  "from" : {
                    "object" : "sadrzaj",
                    "edge" : "top"
                  },
                  "to" : {
                    "object" : "meni",
                    "edge" : "bottom"
                  },
                  "expectedDistance" : "5px",
                  "realDistance" : "5px"
                } ],
                "highlight" : [ "sadrzaj", "meni" ]
              }, {
                "status" : "info",
                "place" : {
                  "filePath" : "saleMobile.gspec",
                  "lineNumber" : 56
                },
                "name" : "css background-color is  \"rgb(203, 214, 248)\"",
                "highlight" : [ "sadrzaj" ]
              }, {
                "status" : "info",
                "place" : {
                  "filePath" : "saleMobile.gspec",
                  "lineNumber" : 57
                },
                "name" : "css max-width is \"750px\"",
                "highlight" : [ "sadrzaj" ]
              }, {
                "status" : "info",
                "place" : {
                  "filePath" : "saleMobile.gspec",
                  "lineNumber" : 58
                },
                "name" : "css justify-content is \"center\"",
                "highlight" : [ "sadrzaj" ]
              } ]
            }, {
              "name" : "tabelaSala",
              "specs" : [ {
                "status" : "info",
                "place" : {
                  "filePath" : "saleMobile.gspec",
                  "lineNumber" : 61
                },
                "name" : "inside sadrzaj 10px top",
                "meta" : [ {
                  "from" : {
                    "object" : "tabelaSala",
                    "edge" : "top"
                  },
                  "to" : {
                    "object" : "sadrzaj",
                    "edge" : "top"
                  },
                  "expectedDistance" : "10px",
                  "realDistance" : "10px"
                } ],
                "highlight" : [ "tabelaSala", "sadrzaj" ]
              }, {
                "status" : "info",
                "place" : {
                  "filePath" : "saleMobile.gspec",
                  "lineNumber" : 62
                },
                "name" : "centered horizontally inside sadrzaj",
                "highlight" : [ "tabelaSala", "sadrzaj" ]
              } ]
            }, {
              "name" : "hSprat",
              "specs" : [ {
                "status" : "info",
                "place" : {
                  "filePath" : "saleMobile.gspec",
                  "lineNumber" : 65
                },
                "name" : "absent",
                "highlight" : [ ]
              } ]
            }, {
              "name" : "hRedni",
              "specs" : [ {
                "status" : "info",
                "place" : {
                  "filePath" : "saleMobile.gspec",
                  "lineNumber" : 68
                },
                "name" : "absent",
                "highlight" : [ ]
              } ]
            }, {
              "name" : "zauzeta",
              "specs" : [ {
                "status" : "info",
                "place" : {
                  "filePath" : "saleMobile.gspec",
                  "lineNumber" : 71
                },
                "name" : "inside tabelaSala",
                "meta" : [ ],
                "highlight" : [ "zauzeta", "tabelaSala" ]
              }, {
                "status" : "info",
                "place" : {
                  "filePath" : "saleMobile.gspec",
                  "lineNumber" : 72
                },
                "name" : "css background-color is  \"rgb(255, 80, 80)\"",
                "highlight" : [ "zauzeta" ]
              } ]
            }, {
              "name" : "slobodna",
              "specs" : [ {
                "status" : "info",
                "place" : {
                  "filePath" : "saleMobile.gspec",
                  "lineNumber" : 75
                },
                "name" : "inside tabelaSala",
                "meta" : [ ],
                "highlight" : [ "slobodna", "tabelaSala" ]
              }, {
                "status" : "info",
                "place" : {
                  "filePath" : "saleMobile.gspec",
                  "lineNumber" : 76
                },
                "name" : "css background-color is  \"rgb(102, 204, 102)\"",
                "highlight" : [ "slobodna" ]
              } ]
            }, {
              "name" : "kancelarija",
              "specs" : [ {
                "status" : "info",
                "place" : {
                  "filePath" : "saleMobile.gspec",
                  "lineNumber" : 79
                },
                "name" : "inside tabelaSala",
                "meta" : [ ],
                "highlight" : [ "kancelarija", "tabelaSala" ]
              }, {
                "status" : "info",
                "place" : {
                  "filePath" : "saleMobile.gspec",
                  "lineNumber" : 80
                },
                "name" : "css background-color is  \"rgb(214, 214, 194)\"",
                "highlight" : [ "kancelarija" ]
              } ]
            }, {
              "name" : "sala",
              "specs" : [ {
                "status" : "info",
                "place" : {
                  "filePath" : "saleMobile.gspec",
                  "lineNumber" : 83
                },
                "name" : "inside tabelaSala",
                "meta" : [ ],
                "highlight" : [ "sala", "tabelaSala" ]
              }, {
                "status" : "info",
                "place" : {
                  "filePath" : "saleMobile.gspec",
                  "lineNumber" : 84
                },
                "name" : "css background-color is  \"rgb(255, 255, 255)\"",
                "highlight" : [ "sala" ]
              }, {
                "status" : "info",
                "place" : {
                  "filePath" : "saleMobile.gspec",
                  "lineNumber" : 85
                },
                "name" : "height 45px",
                "meta" : [ {
                  "from" : {
                    "object" : "sala",
                    "edge" : "top"
                  },
                  "to" : {
                    "object" : "sala",
                    "edge" : "bottom"
                  },
                  "expectedDistance" : "45px",
                  "realDistance" : "45px"
                } ],
                "highlight" : [ "sala" ]
              }, {
                "status" : "info",
                "place" : {
                  "filePath" : "saleMobile.gspec",
                  "lineNumber" : 86
                },
                "name" : "width 50px",
                "meta" : [ {
                  "from" : {
                    "object" : "sala",
                    "edge" : "left"
                  },
                  "to" : {
                    "object" : "sala",
                    "edge" : "right"
                  },
                  "expectedDistance" : "50px",
                  "realDistance" : "50px"
                } ],
                "highlight" : [ "sala" ]
              }, {
                "status" : "info",
                "place" : {
                  "filePath" : "saleMobile.gspec",
                  "lineNumber" : 87
                },
                "name" : "css font-size is \"15px\"",
                "highlight" : [ "sala" ]
              }, {
                "status" : "info",
                "place" : {
                  "filePath" : "saleMobile.gspec",
                  "lineNumber" : 88
                },
                "name" : "css font-family starts \"Verdana\"",
                "highlight" : [ "sala" ]
              }, {
                "status" : "info",
                "place" : {
                  "filePath" : "saleMobile.gspec",
                  "lineNumber" : 89
                },
                "name" : "css text-align is \"left\"",
                "highlight" : [ "sala" ]
              }, {
                "status" : "info",
                "place" : {
                  "filePath" : "saleMobile.gspec",
                  "lineNumber" : 90
                },
                "name" : "css vertical-align is \"top\"",
                "highlight" : [ "sala" ]
              } ]
            } ]
          } ],
          "objects" : {
            "meni" : {
              "area" : [ 0, 50, 344, 160 ]
            },
            "menu_item-3" : {
              "area" : [ 10, 118, 324, 29 ]
            },
            "menu_item-2" : {
              "area" : [ 10, 89, 324, 29 ]
            },
            "img" : {
              "area" : [ 122, 0, 100, 100 ]
            },
            "menu_item-5" : {
              "area" : [ 10, 176, 324, 29 ]
            },
            "menu_item-4" : {
              "area" : [ 10, 147, 324, 29 ]
            },
            "meniUl" : {
              "area" : [ 0, 50, 344, 160 ]
            },
            "menu_item-1" : {
              "area" : [ 10, 60, 324, 29 ]
            },
            "sadrzaj" : {
              "area" : [ 0, 215, 344, 428 ]
            },
            "zauzeta" : {
              "area" : [ 247, 273, 50, 45 ]
            },
            "kancelarija" : {
              "area" : [ 97, 318, 50, 45 ]
            },
            "tabelaSala" : {
              "area" : [ 47, 225, 250, 408 ]
            },
            "trenutnaStranica" : {
              "area" : [ 15, 94, 35, 19 ]
            },
            "sala" : {
              "area" : [ 47, 228, 50, 45 ]
            },
            "logo" : {
              "area" : [ 122, 0, 100, 100 ]
            },
            "slobodna" : {
              "area" : [ 247, 228, 50, 45 ]
            }
          },
          "screenshot" : "layout-1-screenshot.png",
          "type" : "layout"
        } ],
        "time" : 1573651370233,
        "type" : "node"
      } ],
      "time" : 1573651365826,
      "type" : "node"
    } ]
  }
}