{
  "testId" : "1-unosmobile.gspec",
  "name" : "unosMobile.gspec",
  "report" : {
    "nodes" : [ {
      "name" : "Simple check",
      "status" : "info",
      "nodes" : [ {
        "name" : "check  unosMobile.gspec --url http://localhost/unos.html --size 360x640 --htmlreport izvjestaji",
        "status" : "info",
        "nodes" : [ {
          "name" : "Check layout: unosMobile.gspec included tags: ",
          "status" : "info",
          "time" : 1573651434532,
          "sections" : [ {
            "name" : "Meni section",
            "place" : {
              "filePath" : "unosMobile.gspec",
              "lineNumber" : 14
            },
            "objects" : [ {
              "name" : "logo",
              "specs" : [ {
                "status" : "info",
                "place" : {
                  "filePath" : "unosMobile.gspec",
                  "lineNumber" : 17
                },
                "name" : "width 100% of logo/height",
                "meta" : [ {
                  "from" : {
                    "object" : "logo",
                    "edge" : "left"
                  },
                  "to" : {
                    "object" : "logo",
                    "edge" : "right"
                  },
                  "expectedDistance" : "100% [100px]",
                  "realDistance" : "100% [100px]"
                } ],
                "highlight" : [ "logo" ]
              }, {
                "status" : "info",
                "place" : {
                  "filePath" : "unosMobile.gspec",
                  "lineNumber" : 18
                },
                "name" : "css justify-content is \"center\"",
                "highlight" : [ "logo" ]
              } ]
            }, {
              "name" : "img",
              "specs" : [ {
                "status" : "info",
                "place" : {
                  "filePath" : "unosMobile.gspec",
                  "lineNumber" : 21
                },
                "name" : "width 100% of logo/height",
                "meta" : [ {
                  "from" : {
                    "object" : "img",
                    "edge" : "left"
                  },
                  "to" : {
                    "object" : "img",
                    "edge" : "right"
                  },
                  "expectedDistance" : "100% [100px]",
                  "realDistance" : "100% [100px]"
                } ],
                "highlight" : [ "img" ]
              }, {
                "status" : "info",
                "place" : {
                  "filePath" : "unosMobile.gspec",
                  "lineNumber" : 22
                },
                "name" : "width 100% of logo/width",
                "meta" : [ {
                  "from" : {
                    "object" : "img",
                    "edge" : "left"
                  },
                  "to" : {
                    "object" : "img",
                    "edge" : "right"
                  },
                  "expectedDistance" : "100% [100px]",
                  "realDistance" : "100% [100px]"
                } ],
                "highlight" : [ "img" ]
              }, {
                "status" : "info",
                "place" : {
                  "filePath" : "unosMobile.gspec",
                  "lineNumber" : 23
                },
                "name" : "css padding is \"\"",
                "highlight" : [ "img" ]
              }, {
                "status" : "info",
                "place" : {
                  "filePath" : "unosMobile.gspec",
                  "lineNumber" : 24
                },
                "name" : "css margin is \"\"",
                "highlight" : [ "img" ]
              } ]
            }, {
              "name" : "meni",
              "specs" : [ {
                "status" : "info",
                "place" : {
                  "filePath" : "unosMobile.gspec",
                  "lineNumber" : 27
                },
                "name" : "below logo  -50 % of logo/height",
                "meta" : [ {
                  "from" : {
                    "object" : "meni",
                    "edge" : "top"
                  },
                  "to" : {
                    "object" : "logo",
                    "edge" : "bottom"
                  },
                  "expectedDistance" : "-50px",
                  "realDistance" : "-50px"
                } ],
                "highlight" : [ "meni", "logo" ]
              }, {
                "status" : "info",
                "place" : {
                  "filePath" : "unosMobile.gspec",
                  "lineNumber" : 28
                },
                "name" : "css background-color is  \"rgb(203, 214, 248)\"",
                "highlight" : [ "meni" ]
              }, {
                "status" : "info",
                "place" : {
                  "filePath" : "unosMobile.gspec",
                  "lineNumber" : 29
                },
                "name" : "css padding is \"\"",
                "highlight" : [ "meni" ]
              }, {
                "status" : "info",
                "place" : {
                  "filePath" : "unosMobile.gspec",
                  "lineNumber" : 30
                },
                "name" : "css margin is \"\"",
                "highlight" : [ "meni" ]
              }, {
                "status" : "info",
                "place" : {
                  "filePath" : "unosMobile.gspec",
                  "lineNumber" : 31
                },
                "name" : "css max-width is \"750px\"",
                "highlight" : [ "meni" ]
              } ]
            }, {
              "name" : "meniUl",
              "specs" : [ {
                "status" : "info",
                "place" : {
                  "filePath" : "unosMobile.gspec",
                  "lineNumber" : 34
                },
                "name" : "width 100% of meni/width",
                "meta" : [ {
                  "from" : {
                    "object" : "meniUl",
                    "edge" : "left"
                  },
                  "to" : {
                    "object" : "meniUl",
                    "edge" : "right"
                  },
                  "expectedDistance" : "100% [344px]",
                  "realDistance" : "100% [344px]"
                } ],
                "highlight" : [ "meniUl" ]
              }, {
                "status" : "info",
                "place" : {
                  "filePath" : "unosMobile.gspec",
                  "lineNumber" : 35
                },
                "name" : "centered horizontally inside meni",
                "highlight" : [ "meniUl", "meni" ]
              }, {
                "status" : "info",
                "place" : {
                  "filePath" : "unosMobile.gspec",
                  "lineNumber" : 36
                },
                "name" : "count any menu_item-* is 5",
                "highlight" : [ "menu_item-3", "menu_item-2", "menu_item-5", "menu_item-4", "menu_item-1" ]
              } ]
            }, {
              "name" : "menu_item-1",
              "specs" : [ {
                "status" : "info",
                "place" : {
                  "filePath" : "unosMobile.gspec",
                  "lineNumber" : 39
                },
                "name" : "text is \"Početna\"",
                "highlight" : [ "menu_item-1" ]
              }, {
                "status" : "info",
                "place" : {
                  "filePath" : "unosMobile.gspec",
                  "lineNumber" : 40
                },
                "name" : "aligned vertically all menu_item-2",
                "highlight" : [ "menu_item-1", "menu_item-2" ]
              }, {
                "status" : "info",
                "place" : {
                  "filePath" : "unosMobile.gspec",
                  "lineNumber" : 41
                },
                "name" : "aligned vertically all menu_item-3",
                "highlight" : [ "menu_item-1", "menu_item-3" ]
              }, {
                "status" : "info",
                "place" : {
                  "filePath" : "unosMobile.gspec",
                  "lineNumber" : 42
                },
                "name" : "aligned vertically all menu_item-4",
                "highlight" : [ "menu_item-1", "menu_item-4" ]
              }, {
                "status" : "info",
                "place" : {
                  "filePath" : "unosMobile.gspec",
                  "lineNumber" : 43
                },
                "name" : "aligned vertically all menu_item-5",
                "highlight" : [ "menu_item-1", "menu_item-5" ]
              } ]
            }, {
              "name" : "trenutnaStranica",
              "specs" : [ {
                "status" : "info",
                "place" : {
                  "filePath" : "unosMobile.gspec",
                  "lineNumber" : 46
                },
                "name" : "text is \"Unos\"",
                "highlight" : [ "trenutnaStranica" ]
              }, {
                "status" : "info",
                "place" : {
                  "filePath" : "unosMobile.gspec",
                  "lineNumber" : 47
                },
                "name" : "css color is \"rgb(0, 0, 0)\"",
                "highlight" : [ "trenutnaStranica" ]
              } ]
            }, {
              "name" : "sadrzaj",
              "specs" : [ {
                "status" : "info",
                "place" : {
                  "filePath" : "unosMobile.gspec",
                  "lineNumber" : 50
                },
                "name" : "below meni 5px",
                "meta" : [ {
                  "from" : {
                    "object" : "sadrzaj",
                    "edge" : "top"
                  },
                  "to" : {
                    "object" : "meni",
                    "edge" : "bottom"
                  },
                  "expectedDistance" : "5px",
                  "realDistance" : "5px"
                } ],
                "highlight" : [ "sadrzaj", "meni" ]
              }, {
                "status" : "info",
                "place" : {
                  "filePath" : "unosMobile.gspec",
                  "lineNumber" : 51
                },
                "name" : "css background-color is  \"rgb(203, 214, 248)\"",
                "highlight" : [ "sadrzaj" ]
              }, {
                "status" : "info",
                "place" : {
                  "filePath" : "unosMobile.gspec",
                  "lineNumber" : 52
                },
                "name" : "css max-width is \"750px\"",
                "highlight" : [ "sadrzaj" ]
              }, {
                "status" : "info",
                "place" : {
                  "filePath" : "unosMobile.gspec",
                  "lineNumber" : 53
                },
                "name" : "css justify-content is \"center\"",
                "highlight" : [ "sadrzaj" ]
              } ]
            }, {
              "name" : "form",
              "specs" : [ {
                "status" : "info",
                "place" : {
                  "filePath" : "unosMobile.gspec",
                  "lineNumber" : 56
                },
                "name" : "inside sadrzaj",
                "meta" : [ ],
                "highlight" : [ "form", "sadrzaj" ]
              } ]
            }, {
              "name" : "label",
              "specs" : [ {
                "status" : "info",
                "place" : {
                  "filePath" : "unosMobile.gspec",
                  "lineNumber" : 59
                },
                "name" : "above input",
                "meta" : [ {
                  "from" : {
                    "object" : "label",
                    "edge" : "bottom"
                  },
                  "to" : {
                    "object" : "input",
                    "edge" : "top"
                  },
                  "expectedDistance" : ">= 0px",
                  "realDistance" : "6px"
                } ],
                "highlight" : [ "label", "input" ]
              }, {
                "status" : "info",
                "place" : {
                  "filePath" : "unosMobile.gspec",
                  "lineNumber" : 60
                },
                "name" : "css float is \"left\"",
                "highlight" : [ "label" ]
              } ]
            } ]
          } ],
          "objects" : {
            "meni" : {
              "area" : [ 0, 50, 344, 160 ]
            },
            "menu_item-3" : {
              "area" : [ 10, 118, 324, 29 ]
            },
            "menu_item-2" : {
              "area" : [ 10, 89, 324, 29 ]
            },
            "img" : {
              "area" : [ 122, 0, 100, 100 ]
            },
            "menu_item-5" : {
              "area" : [ 10, 176, 324, 29 ]
            },
            "menu_item-4" : {
              "area" : [ 10, 147, 324, 29 ]
            },
            "meniUl" : {
              "area" : [ 0, 50, 344, 160 ]
            },
            "label" : {
              "area" : [ 15, 230, 324, 30 ]
            },
            "menu_item-1" : {
              "area" : [ 10, 60, 324, 29 ]
            },
            "sadrzaj" : {
              "area" : [ 0, 215, 344, 388 ]
            },
            "input" : {
              "area" : [ 11, 266, 324, 32 ]
            },
            "trenutnaStranica" : {
              "area" : [ 15, 123, 41, 19 ]
            },
            "form" : {
              "area" : [ 10, 225, 324, 368 ]
            },
            "logo" : {
              "area" : [ 122, 0, 100, 100 ]
            }
          },
          "screenshot" : "layout-1-screenshot.png",
          "type" : "layout"
        } ],
        "time" : 1573651430652,
        "type" : "node"
      } ],
      "time" : 1573651426209,
      "type" : "node"
    } ]
  }
}