{"periodicna":[{"dan":"0","semestar":"zimski","pocetak":"13:00","kraj":"14:00","naziv":"1-01","predavac":"xx"},{"dan":"2","semestar":"ljetni","pocetak":"14:00","kraj":"15:00","naziv":"1-02","predavac":"xy"},{"dan":"4","semestar":"ljetni","pocetak":"13:00","kraj":"14:00","naziv":"0-02","predavac":"xy"},{"dan":"2","semestar":"zimski","pocetak":"12:00","kraj":"13:00","naziv":"MA","predavac":"xy"}],"vanredna":[{"datum":"17.11.2019","pocetak":"14:00","kraj":"15:00","naziv":"1-02","predavac":"xx"},{"datum":"20.11.2019","pocetak":"15:00","kraj":"18:00","naziv":"1-02","predavac":"xx"},{"datum":"21.11.2019","pocetak":"14:00","kraj":"15:00","naziv":"1-03","predavac":"xx"},{"datum":"21.09.2019","pocetak":"14:00","kraj":"15:00","naziv":"EE1","predavac":"xx"},{"datum":"09.11.2019","pocetak":"18:00","kraj":"20:00","naziv":"MA","predavac":"xx"}]}